PARAMETER,Scenario,REGION,TECHNOLOGY,FUEL,EMISSION,MODE_OF_OPERATION,YEAR,TIMESLICE,SEASON,DAYTYPE,DAILYTIMEBRACKET,STORAGE,Value
InputActivityRatio,NDCINC,ECU,LU_FOR,E1_SOI,,1,2010,,,,,,1.0
InputActivityRatio,NDCINC,ECU,LU_FOR,E1_SOI,,1,2011,,,,,,1.0
InputActivityRatio,NDCINC,ECU,LU_FOR,E1_SOI,,1,2012,,,,,,1.0
InputActivityRatio,NDCINC,ECU,LU_FOR,E1_SOI,,1,2013,,,,,,1.0
InputActivityRatio,NDCINC,ECU,LU_FOR,E1_SOI,,1,2014,,,,,,1.0
InputActivityRatio,NDCINC,ECU,LU_FOR,E1_SOI,,1,2015,,,,,,1.0
InputActivityRatio,NDCINC,ECU,LU_FOR,E1_SOI,,1,2016,,,,,,1.0
InputActivityRatio,NDCINC,ECU,LU_FOR,E1_SOI,,1,2017,,,,,,1.0
InputActivityRatio,NDCINC,ECU,LU_FOR,E1_SOI,,1,2018,,,,,,1.0
InputActivityRatio,NDCINC,ECU,LU_FOR,E1_SOI,,1,2019,,,,,,1.0
InputActivityRatio,NDCINC,ECU,LU_FOR,E1_SOI,,1,2020,,,,,,1.0
InputActivityRatio,NDCINC,ECU,LU_FOR,E1_SOI,,1,2021,,,,,,1.0
InputActivityRatio,NDCINC,ECU,LU_FOR,E1_SOI,,1,2022,,,,,,1.0
InputActivityRatio,NDCINC,ECU,LU_FOR,E1_SOI,,1,2023,,,,,,1.0
InputActivityRatio,NDCINC,ECU,LU_FOR,E1_SOI,,1,2024,,,,,,1.0
InputActivityRatio,NDCINC,ECU,LU_FOR,E1_SOI,,1,2025,,,,,,1.0
InputActivityRatio,NDCINC,ECU,LU_FOR,E1_SOI,,1,2026,,,,,,1.0
InputActivityRatio,NDCINC,ECU,LU_FOR,E1_SOI,,1,2027,,,,,,1.0
InputActivityRatio,NDCINC,ECU,LU_FOR,E1_SOI,,1,2028,,,,,,1.0
InputActivityRatio,NDCINC,ECU,LU_FOR,E1_SOI,,1,2029,,,,,,1.0
InputActivityRatio,NDCINC,ECU,LU_FOR,E1_SOI,,1,2030,,,,,,1.0
InputActivityRatio,NDCINC,ECU,LU_FOR,E1_SOI,,1,2031,,,,,,1.0
InputActivityRatio,NDCINC,ECU,LU_FOR,E1_SOI,,1,2032,,,,,,1.0
InputActivityRatio,NDCINC,ECU,LU_FOR,E1_SOI,,1,2033,,,,,,1.0
InputActivityRatio,NDCINC,ECU,LU_FOR,E1_SOI,,1,2034,,,,,,1.0
InputActivityRatio,NDCINC,ECU,LU_FOR,E1_SOI,,1,2035,,,,,,1.0
InputActivityRatio,NDCINC,ECU,LU_WET,E1_SOI,,1,2010,,,,,,1.0
InputActivityRatio,NDCINC,ECU,LU_WET,E1_SOI,,1,2011,,,,,,1.0
InputActivityRatio,NDCINC,ECU,LU_WET,E1_SOI,,1,2012,,,,,,1.0
InputActivityRatio,NDCINC,ECU,LU_WET,E1_SOI,,1,2013,,,,,,1.0
InputActivityRatio,NDCINC,ECU,LU_WET,E1_SOI,,1,2014,,,,,,1.0
InputActivityRatio,NDCINC,ECU,LU_WET,E1_SOI,,1,2015,,,,,,1.0
InputActivityRatio,NDCINC,ECU,LU_WET,E1_SOI,,1,2016,,,,,,1.0
InputActivityRatio,NDCINC,ECU,LU_WET,E1_SOI,,1,2017,,,,,,1.0
InputActivityRatio,NDCINC,ECU,LU_WET,E1_SOI,,1,2018,,,,,,1.0
InputActivityRatio,NDCINC,ECU,LU_WET,E1_SOI,,1,2019,,,,,,1.0
InputActivityRatio,NDCINC,ECU,LU_WET,E1_SOI,,1,2020,,,,,,1.0
InputActivityRatio,NDCINC,ECU,LU_WET,E1_SOI,,1,2021,,,,,,1.0
InputActivityRatio,NDCINC,ECU,LU_WET,E1_SOI,,1,2022,,,,,,1.0
InputActivityRatio,NDCINC,ECU,LU_WET,E1_SOI,,1,2023,,,,,,1.0
InputActivityRatio,NDCINC,ECU,LU_WET,E1_SOI,,1,2024,,,,,,1.0
InputActivityRatio,NDCINC,ECU,LU_WET,E1_SOI,,1,2025,,,,,,1.0
InputActivityRatio,NDCINC,ECU,LU_WET,E1_SOI,,1,2026,,,,,,1.0
InputActivityRatio,NDCINC,ECU,LU_WET,E1_SOI,,1,2027,,,,,,1.0
InputActivityRatio,NDCINC,ECU,LU_WET,E1_SOI,,1,2028,,,,,,1.0
InputActivityRatio,NDCINC,ECU,LU_WET,E1_SOI,,1,2029,,,,,,1.0
InputActivityRatio,NDCINC,ECU,LU_WET,E1_SOI,,1,2030,,,,,,1.0
InputActivityRatio,NDCINC,ECU,LU_WET,E1_SOI,,1,2031,,,,,,1.0
InputActivityRatio,NDCINC,ECU,LU_WET,E1_SOI,,1,2032,,,,,,1.0
InputActivityRatio,NDCINC,ECU,LU_WET,E1_SOI,,1,2033,,,,,,1.0
InputActivityRatio,NDCINC,ECU,LU_WET,E1_SOI,,1,2034,,,,,,1.0
InputActivityRatio,NDCINC,ECU,LU_WET,E1_SOI,,1,2035,,,,,,1.0
InputActivityRatio,NDCINC,ECU,LU_CROP,E1_SOI,,1,2010,,,,,,1.0
InputActivityRatio,NDCINC,ECU,LU_CROP,E1_SOI,,1,2011,,,,,,1.0
InputActivityRatio,NDCINC,ECU,LU_CROP,E1_SOI,,1,2012,,,,,,1.0
InputActivityRatio,NDCINC,ECU,LU_CROP,E1_SOI,,1,2013,,,,,,1.0
InputActivityRatio,NDCINC,ECU,LU_CROP,E1_SOI,,1,2014,,,,,,1.0
InputActivityRatio,NDCINC,ECU,LU_CROP,E1_SOI,,1,2015,,,,,,1.0
InputActivityRatio,NDCINC,ECU,LU_CROP,E1_SOI,,1,2016,,,,,,1.0
InputActivityRatio,NDCINC,ECU,LU_CROP,E1_SOI,,1,2017,,,,,,1.0
InputActivityRatio,NDCINC,ECU,LU_CROP,E1_SOI,,1,2018,,,,,,1.0
InputActivityRatio,NDCINC,ECU,LU_CROP,E1_SOI,,1,2019,,,,,,1.0
InputActivityRatio,NDCINC,ECU,LU_CROP,E1_SOI,,1,2020,,,,,,1.0
InputActivityRatio,NDCINC,ECU,LU_CROP,E1_SOI,,1,2021,,,,,,1.0
InputActivityRatio,NDCINC,ECU,LU_CROP,E1_SOI,,1,2022,,,,,,1.0
InputActivityRatio,NDCINC,ECU,LU_CROP,E1_SOI,,1,2023,,,,,,1.0
InputActivityRatio,NDCINC,ECU,LU_CROP,E1_SOI,,1,2024,,,,,,1.0
InputActivityRatio,NDCINC,ECU,LU_CROP,E1_SOI,,1,2025,,,,,,1.0
InputActivityRatio,NDCINC,ECU,LU_CROP,E1_SOI,,1,2026,,,,,,1.0
InputActivityRatio,NDCINC,ECU,LU_CROP,E1_SOI,,1,2027,,,,,,1.0
InputActivityRatio,NDCINC,ECU,LU_CROP,E1_SOI,,1,2028,,,,,,1.0
InputActivityRatio,NDCINC,ECU,LU_CROP,E1_SOI,,1,2029,,,,,,1.0
InputActivityRatio,NDCINC,ECU,LU_CROP,E1_SOI,,1,2030,,,,,,1.0
InputActivityRatio,NDCINC,ECU,LU_CROP,E1_SOI,,1,2031,,,,,,1.0
InputActivityRatio,NDCINC,ECU,LU_CROP,E1_SOI,,1,2032,,,,,,1.0
InputActivityRatio,NDCINC,ECU,LU_CROP,E1_SOI,,1,2033,,,,,,1.0
InputActivityRatio,NDCINC,ECU,LU_CROP,E1_SOI,,1,2034,,,,,,1.0
InputActivityRatio,NDCINC,ECU,LU_CROP,E1_SOI,,1,2035,,,,,,1.0
InputActivityRatio,NDCINC,ECU,LU_PAS,E1_SOI,,1,2010,,,,,,1.0
InputActivityRatio,NDCINC,ECU,LU_PAS,E1_SOI,,1,2011,,,,,,1.0
InputActivityRatio,NDCINC,ECU,LU_PAS,E1_SOI,,1,2012,,,,,,1.0
InputActivityRatio,NDCINC,ECU,LU_PAS,E1_SOI,,1,2013,,,,,,1.0
InputActivityRatio,NDCINC,ECU,LU_PAS,E1_SOI,,1,2014,,,,,,1.0
InputActivityRatio,NDCINC,ECU,LU_PAS,E1_SOI,,1,2015,,,,,,1.0
InputActivityRatio,NDCINC,ECU,LU_PAS,E1_SOI,,1,2016,,,,,,1.0
InputActivityRatio,NDCINC,ECU,LU_PAS,E1_SOI,,1,2017,,,,,,1.0
InputActivityRatio,NDCINC,ECU,LU_PAS,E1_SOI,,1,2018,,,,,,1.0
InputActivityRatio,NDCINC,ECU,LU_PAS,E1_SOI,,1,2019,,,,,,1.0
InputActivityRatio,NDCINC,ECU,LU_PAS,E1_SOI,,1,2020,,,,,,1.0
InputActivityRatio,NDCINC,ECU,LU_PAS,E1_SOI,,1,2021,,,,,,1.0
InputActivityRatio,NDCINC,ECU,LU_PAS,E1_SOI,,1,2022,,,,,,1.0
InputActivityRatio,NDCINC,ECU,LU_PAS,E1_SOI,,1,2023,,,,,,1.0
InputActivityRatio,NDCINC,ECU,LU_PAS,E1_SOI,,1,2024,,,,,,1.0
InputActivityRatio,NDCINC,ECU,LU_PAS,E1_SOI,,1,2025,,,,,,1.0
InputActivityRatio,NDCINC,ECU,LU_PAS,E1_SOI,,1,2026,,,,,,1.0
InputActivityRatio,NDCINC,ECU,LU_PAS,E1_SOI,,1,2027,,,,,,1.0
InputActivityRatio,NDCINC,ECU,LU_PAS,E1_SOI,,1,2028,,,,,,1.0
InputActivityRatio,NDCINC,ECU,LU_PAS,E1_SOI,,1,2029,,,,,,1.0
InputActivityRatio,NDCINC,ECU,LU_PAS,E1_SOI,,1,2030,,,,,,1.0
InputActivityRatio,NDCINC,ECU,LU_PAS,E1_SOI,,1,2031,,,,,,1.0
InputActivityRatio,NDCINC,ECU,LU_PAS,E1_SOI,,1,2032,,,,,,1.0
InputActivityRatio,NDCINC,ECU,LU_PAS,E1_SOI,,1,2033,,,,,,1.0
InputActivityRatio,NDCINC,ECU,LU_PAS,E1_SOI,,1,2034,,,,,,1.0
InputActivityRatio,NDCINC,ECU,LU_PAS,E1_SOI,,1,2035,,,,,,1.0
InputActivityRatio,NDCINC,ECU,LU_SET,E1_SOI,,1,2010,,,,,,1.0
InputActivityRatio,NDCINC,ECU,LU_SET,E1_SOI,,1,2011,,,,,,1.0
InputActivityRatio,NDCINC,ECU,LU_SET,E1_SOI,,1,2012,,,,,,1.0
InputActivityRatio,NDCINC,ECU,LU_SET,E1_SOI,,1,2013,,,,,,1.0
InputActivityRatio,NDCINC,ECU,LU_SET,E1_SOI,,1,2014,,,,,,1.0
InputActivityRatio,NDCINC,ECU,LU_SET,E1_SOI,,1,2015,,,,,,1.0
InputActivityRatio,NDCINC,ECU,LU_SET,E1_SOI,,1,2016,,,,,,1.0
InputActivityRatio,NDCINC,ECU,LU_SET,E1_SOI,,1,2017,,,,,,1.0
InputActivityRatio,NDCINC,ECU,LU_SET,E1_SOI,,1,2018,,,,,,1.0
InputActivityRatio,NDCINC,ECU,LU_SET,E1_SOI,,1,2019,,,,,,1.0
InputActivityRatio,NDCINC,ECU,LU_SET,E1_SOI,,1,2020,,,,,,1.0
InputActivityRatio,NDCINC,ECU,LU_SET,E1_SOI,,1,2021,,,,,,1.0
InputActivityRatio,NDCINC,ECU,LU_SET,E1_SOI,,1,2022,,,,,,1.0
InputActivityRatio,NDCINC,ECU,LU_SET,E1_SOI,,1,2023,,,,,,1.0
InputActivityRatio,NDCINC,ECU,LU_SET,E1_SOI,,1,2024,,,,,,1.0
InputActivityRatio,NDCINC,ECU,LU_SET,E1_SOI,,1,2025,,,,,,1.0
InputActivityRatio,NDCINC,ECU,LU_SET,E1_SOI,,1,2026,,,,,,1.0
InputActivityRatio,NDCINC,ECU,LU_SET,E1_SOI,,1,2027,,,,,,1.0
InputActivityRatio,NDCINC,ECU,LU_SET,E1_SOI,,1,2028,,,,,,1.0
InputActivityRatio,NDCINC,ECU,LU_SET,E1_SOI,,1,2029,,,,,,1.0
InputActivityRatio,NDCINC,ECU,LU_SET,E1_SOI,,1,2030,,,,,,1.0
InputActivityRatio,NDCINC,ECU,LU_SET,E1_SOI,,1,2031,,,,,,1.0
InputActivityRatio,NDCINC,ECU,LU_SET,E1_SOI,,1,2032,,,,,,1.0
InputActivityRatio,NDCINC,ECU,LU_SET,E1_SOI,,1,2033,,,,,,1.0
InputActivityRatio,NDCINC,ECU,LU_SET,E1_SOI,,1,2034,,,,,,1.0
InputActivityRatio,NDCINC,ECU,LU_SET,E1_SOI,,1,2035,,,,,,1.0
InputActivityRatio,NDCINC,ECU,LU_OTL,E1_SOI,,1,2010,,,,,,1.0
InputActivityRatio,NDCINC,ECU,LU_OTL,E1_SOI,,1,2011,,,,,,1.0
InputActivityRatio,NDCINC,ECU,LU_OTL,E1_SOI,,1,2012,,,,,,1.0
InputActivityRatio,NDCINC,ECU,LU_OTL,E1_SOI,,1,2013,,,,,,1.0
InputActivityRatio,NDCINC,ECU,LU_OTL,E1_SOI,,1,2014,,,,,,1.0
InputActivityRatio,NDCINC,ECU,LU_OTL,E1_SOI,,1,2015,,,,,,1.0
InputActivityRatio,NDCINC,ECU,LU_OTL,E1_SOI,,1,2016,,,,,,1.0
InputActivityRatio,NDCINC,ECU,LU_OTL,E1_SOI,,1,2017,,,,,,1.0
InputActivityRatio,NDCINC,ECU,LU_OTL,E1_SOI,,1,2018,,,,,,1.0
InputActivityRatio,NDCINC,ECU,LU_OTL,E1_SOI,,1,2019,,,,,,1.0
InputActivityRatio,NDCINC,ECU,LU_OTL,E1_SOI,,1,2020,,,,,,1.0
InputActivityRatio,NDCINC,ECU,LU_OTL,E1_SOI,,1,2021,,,,,,1.0
InputActivityRatio,NDCINC,ECU,LU_OTL,E1_SOI,,1,2022,,,,,,1.0
InputActivityRatio,NDCINC,ECU,LU_OTL,E1_SOI,,1,2023,,,,,,1.0
InputActivityRatio,NDCINC,ECU,LU_OTL,E1_SOI,,1,2024,,,,,,1.0
InputActivityRatio,NDCINC,ECU,LU_OTL,E1_SOI,,1,2025,,,,,,1.0
InputActivityRatio,NDCINC,ECU,LU_OTL,E1_SOI,,1,2026,,,,,,1.0
InputActivityRatio,NDCINC,ECU,LU_OTL,E1_SOI,,1,2027,,,,,,1.0
InputActivityRatio,NDCINC,ECU,LU_OTL,E1_SOI,,1,2028,,,,,,1.0
InputActivityRatio,NDCINC,ECU,LU_OTL,E1_SOI,,1,2029,,,,,,1.0
InputActivityRatio,NDCINC,ECU,LU_OTL,E1_SOI,,1,2030,,,,,,1.0
InputActivityRatio,NDCINC,ECU,LU_OTL,E1_SOI,,1,2031,,,,,,1.0
InputActivityRatio,NDCINC,ECU,LU_OTL,E1_SOI,,1,2032,,,,,,1.0
InputActivityRatio,NDCINC,ECU,LU_OTL,E1_SOI,,1,2033,,,,,,1.0
InputActivityRatio,NDCINC,ECU,LU_OTL,E1_SOI,,1,2034,,,,,,1.0
InputActivityRatio,NDCINC,ECU,LU_OTL,E1_SOI,,1,2035,,,,,,1.0
InputActivityRatio,NDCINC,ECU,LU_NPRAND,E2_FOR,,1,2010,,,,,,1.0
InputActivityRatio,NDCINC,ECU,LU_NPRAND,E2_FOR,,1,2011,,,,,,1.0
InputActivityRatio,NDCINC,ECU,LU_NPRAND,E2_FOR,,1,2012,,,,,,1.0
InputActivityRatio,NDCINC,ECU,LU_NPRAND,E2_FOR,,1,2013,,,,,,1.0
InputActivityRatio,NDCINC,ECU,LU_NPRAND,E2_FOR,,1,2014,,,,,,1.0
InputActivityRatio,NDCINC,ECU,LU_NPRAND,E2_FOR,,1,2015,,,,,,1.0
InputActivityRatio,NDCINC,ECU,LU_NPRAND,E2_FOR,,1,2016,,,,,,1.0
InputActivityRatio,NDCINC,ECU,LU_NPRAND,E2_FOR,,1,2017,,,,,,1.0
InputActivityRatio,NDCINC,ECU,LU_NPRAND,E2_FOR,,1,2018,,,,,,1.0
InputActivityRatio,NDCINC,ECU,LU_NPRAND,E2_FOR,,1,2019,,,,,,1.0
InputActivityRatio,NDCINC,ECU,LU_NPRAND,E2_FOR,,1,2020,,,,,,1.0
InputActivityRatio,NDCINC,ECU,LU_NPRAND,E2_FOR,,1,2021,,,,,,1.0
InputActivityRatio,NDCINC,ECU,LU_NPRAND,E2_FOR,,1,2022,,,,,,1.0
InputActivityRatio,NDCINC,ECU,LU_NPRAND,E2_FOR,,1,2023,,,,,,1.0
InputActivityRatio,NDCINC,ECU,LU_NPRAND,E2_FOR,,1,2024,,,,,,1.0
InputActivityRatio,NDCINC,ECU,LU_NPRAND,E2_FOR,,1,2025,,,,,,1.0
InputActivityRatio,NDCINC,ECU,LU_NPRAND,E2_FOR,,1,2026,,,,,,1.0
InputActivityRatio,NDCINC,ECU,LU_NPRAND,E2_FOR,,1,2027,,,,,,1.0
InputActivityRatio,NDCINC,ECU,LU_NPRAND,E2_FOR,,1,2028,,,,,,1.0
InputActivityRatio,NDCINC,ECU,LU_NPRAND,E2_FOR,,1,2029,,,,,,1.0
InputActivityRatio,NDCINC,ECU,LU_NPRAND,E2_FOR,,1,2030,,,,,,1.0
InputActivityRatio,NDCINC,ECU,LU_NPRAND,E2_FOR,,1,2031,,,,,,1.0
InputActivityRatio,NDCINC,ECU,LU_NPRAND,E2_FOR,,1,2032,,,,,,1.0
InputActivityRatio,NDCINC,ECU,LU_NPRAND,E2_FOR,,1,2033,,,,,,1.0
InputActivityRatio,NDCINC,ECU,LU_NPRAND,E2_FOR,,1,2034,,,,,,1.0
InputActivityRatio,NDCINC,ECU,LU_NPRAND,E2_FOR,,1,2035,,,,,,1.0
InputActivityRatio,NDCINC,ECU,LU_NUNAND,E2_FOR,,1,2010,,,,,,1.0
InputActivityRatio,NDCINC,ECU,LU_NUNAND,E2_FOR,,1,2011,,,,,,1.0
InputActivityRatio,NDCINC,ECU,LU_NUNAND,E2_FOR,,1,2012,,,,,,1.0
InputActivityRatio,NDCINC,ECU,LU_NUNAND,E2_FOR,,1,2013,,,,,,1.0
InputActivityRatio,NDCINC,ECU,LU_NUNAND,E2_FOR,,1,2014,,,,,,1.0
InputActivityRatio,NDCINC,ECU,LU_NUNAND,E2_FOR,,1,2015,,,,,,1.0
InputActivityRatio,NDCINC,ECU,LU_NUNAND,E2_FOR,,1,2016,,,,,,1.0
InputActivityRatio,NDCINC,ECU,LU_NUNAND,E2_FOR,,1,2017,,,,,,1.0
InputActivityRatio,NDCINC,ECU,LU_NUNAND,E2_FOR,,1,2018,,,,,,1.0
InputActivityRatio,NDCINC,ECU,LU_NUNAND,E2_FOR,,1,2019,,,,,,1.0
InputActivityRatio,NDCINC,ECU,LU_NUNAND,E2_FOR,,1,2020,,,,,,1.0
InputActivityRatio,NDCINC,ECU,LU_NUNAND,E2_FOR,,1,2021,,,,,,1.0
InputActivityRatio,NDCINC,ECU,LU_NUNAND,E2_FOR,,1,2022,,,,,,1.0
InputActivityRatio,NDCINC,ECU,LU_NUNAND,E2_FOR,,1,2023,,,,,,1.0
InputActivityRatio,NDCINC,ECU,LU_NUNAND,E2_FOR,,1,2024,,,,,,1.0
InputActivityRatio,NDCINC,ECU,LU_NUNAND,E2_FOR,,1,2025,,,,,,1.0
InputActivityRatio,NDCINC,ECU,LU_NUNAND,E2_FOR,,1,2026,,,,,,1.0
InputActivityRatio,NDCINC,ECU,LU_NUNAND,E2_FOR,,1,2027,,,,,,1.0
InputActivityRatio,NDCINC,ECU,LU_NUNAND,E2_FOR,,1,2028,,,,,,1.0
InputActivityRatio,NDCINC,ECU,LU_NUNAND,E2_FOR,,1,2029,,,,,,1.0
InputActivityRatio,NDCINC,ECU,LU_NUNAND,E2_FOR,,1,2030,,,,,,1.0
InputActivityRatio,NDCINC,ECU,LU_NUNAND,E2_FOR,,1,2031,,,,,,1.0
InputActivityRatio,NDCINC,ECU,LU_NUNAND,E2_FOR,,1,2032,,,,,,1.0
InputActivityRatio,NDCINC,ECU,LU_NUNAND,E2_FOR,,1,2033,,,,,,1.0
InputActivityRatio,NDCINC,ECU,LU_NUNAND,E2_FOR,,1,2034,,,,,,1.0
InputActivityRatio,NDCINC,ECU,LU_NUNAND,E2_FOR,,1,2035,,,,,,1.0
InputActivityRatio,NDCINC,ECU,LU_NPRPLU,E2_FOR,,1,2010,,,,,,1.0
InputActivityRatio,NDCINC,ECU,LU_NPRPLU,E2_FOR,,1,2011,,,,,,1.0
InputActivityRatio,NDCINC,ECU,LU_NPRPLU,E2_FOR,,1,2012,,,,,,1.0
InputActivityRatio,NDCINC,ECU,LU_NPRPLU,E2_FOR,,1,2013,,,,,,1.0
InputActivityRatio,NDCINC,ECU,LU_NPRPLU,E2_FOR,,1,2014,,,,,,1.0
InputActivityRatio,NDCINC,ECU,LU_NPRPLU,E2_FOR,,1,2015,,,,,,1.0
InputActivityRatio,NDCINC,ECU,LU_NPRPLU,E2_FOR,,1,2016,,,,,,1.0
InputActivityRatio,NDCINC,ECU,LU_NPRPLU,E2_FOR,,1,2017,,,,,,1.0
InputActivityRatio,NDCINC,ECU,LU_NPRPLU,E2_FOR,,1,2018,,,,,,1.0
InputActivityRatio,NDCINC,ECU,LU_NPRPLU,E2_FOR,,1,2019,,,,,,1.0
InputActivityRatio,NDCINC,ECU,LU_NPRPLU,E2_FOR,,1,2020,,,,,,1.0
InputActivityRatio,NDCINC,ECU,LU_NPRPLU,E2_FOR,,1,2021,,,,,,1.0
InputActivityRatio,NDCINC,ECU,LU_NPRPLU,E2_FOR,,1,2022,,,,,,1.0
InputActivityRatio,NDCINC,ECU,LU_NPRPLU,E2_FOR,,1,2023,,,,,,1.0
InputActivityRatio,NDCINC,ECU,LU_NPRPLU,E2_FOR,,1,2024,,,,,,1.0
InputActivityRatio,NDCINC,ECU,LU_NPRPLU,E2_FOR,,1,2025,,,,,,1.0
InputActivityRatio,NDCINC,ECU,LU_NPRPLU,E2_FOR,,1,2026,,,,,,1.0
InputActivityRatio,NDCINC,ECU,LU_NPRPLU,E2_FOR,,1,2027,,,,,,1.0
InputActivityRatio,NDCINC,ECU,LU_NPRPLU,E2_FOR,,1,2028,,,,,,1.0
InputActivityRatio,NDCINC,ECU,LU_NPRPLU,E2_FOR,,1,2029,,,,,,1.0
InputActivityRatio,NDCINC,ECU,LU_NPRPLU,E2_FOR,,1,2030,,,,,,1.0
InputActivityRatio,NDCINC,ECU,LU_NPRPLU,E2_FOR,,1,2031,,,,,,1.0
InputActivityRatio,NDCINC,ECU,LU_NPRPLU,E2_FOR,,1,2032,,,,,,1.0
InputActivityRatio,NDCINC,ECU,LU_NPRPLU,E2_FOR,,1,2033,,,,,,1.0
InputActivityRatio,NDCINC,ECU,LU_NPRPLU,E2_FOR,,1,2034,,,,,,1.0
InputActivityRatio,NDCINC,ECU,LU_NPRPLU,E2_FOR,,1,2035,,,,,,1.0
InputActivityRatio,NDCINC,ECU,LU_NUNPLU,E2_FOR,,1,2010,,,,,,1.0
InputActivityRatio,NDCINC,ECU,LU_NUNPLU,E2_FOR,,1,2011,,,,,,1.0
InputActivityRatio,NDCINC,ECU,LU_NUNPLU,E2_FOR,,1,2012,,,,,,1.0
InputActivityRatio,NDCINC,ECU,LU_NUNPLU,E2_FOR,,1,2013,,,,,,1.0
InputActivityRatio,NDCINC,ECU,LU_NUNPLU,E2_FOR,,1,2014,,,,,,1.0
InputActivityRatio,NDCINC,ECU,LU_NUNPLU,E2_FOR,,1,2015,,,,,,1.0
InputActivityRatio,NDCINC,ECU,LU_NUNPLU,E2_FOR,,1,2016,,,,,,1.0
InputActivityRatio,NDCINC,ECU,LU_NUNPLU,E2_FOR,,1,2017,,,,,,1.0
InputActivityRatio,NDCINC,ECU,LU_NUNPLU,E2_FOR,,1,2018,,,,,,1.0
InputActivityRatio,NDCINC,ECU,LU_NUNPLU,E2_FOR,,1,2019,,,,,,1.0
InputActivityRatio,NDCINC,ECU,LU_NUNPLU,E2_FOR,,1,2020,,,,,,1.0
InputActivityRatio,NDCINC,ECU,LU_NUNPLU,E2_FOR,,1,2021,,,,,,1.0
InputActivityRatio,NDCINC,ECU,LU_NUNPLU,E2_FOR,,1,2022,,,,,,1.0
InputActivityRatio,NDCINC,ECU,LU_NUNPLU,E2_FOR,,1,2023,,,,,,1.0
InputActivityRatio,NDCINC,ECU,LU_NUNPLU,E2_FOR,,1,2024,,,,,,1.0
InputActivityRatio,NDCINC,ECU,LU_NUNPLU,E2_FOR,,1,2025,,,,,,1.0
InputActivityRatio,NDCINC,ECU,LU_NUNPLU,E2_FOR,,1,2026,,,,,,1.0
InputActivityRatio,NDCINC,ECU,LU_NUNPLU,E2_FOR,,1,2027,,,,,,1.0
InputActivityRatio,NDCINC,ECU,LU_NUNPLU,E2_FOR,,1,2028,,,,,,1.0
InputActivityRatio,NDCINC,ECU,LU_NUNPLU,E2_FOR,,1,2029,,,,,,1.0
InputActivityRatio,NDCINC,ECU,LU_NUNPLU,E2_FOR,,1,2030,,,,,,1.0
InputActivityRatio,NDCINC,ECU,LU_NUNPLU,E2_FOR,,1,2031,,,,,,1.0
InputActivityRatio,NDCINC,ECU,LU_NUNPLU,E2_FOR,,1,2032,,,,,,1.0
InputActivityRatio,NDCINC,ECU,LU_NUNPLU,E2_FOR,,1,2033,,,,,,1.0
InputActivityRatio,NDCINC,ECU,LU_NUNPLU,E2_FOR,,1,2034,,,,,,1.0
InputActivityRatio,NDCINC,ECU,LU_NUNPLU,E2_FOR,,1,2035,,,,,,1.0
InputActivityRatio,NDCINC,ECU,LU_NPRMON,E2_FOR,,1,2010,,,,,,1.0
InputActivityRatio,NDCINC,ECU,LU_NPRMON,E2_FOR,,1,2011,,,,,,1.0
InputActivityRatio,NDCINC,ECU,LU_NPRMON,E2_FOR,,1,2012,,,,,,1.0
InputActivityRatio,NDCINC,ECU,LU_NPRMON,E2_FOR,,1,2013,,,,,,1.0
InputActivityRatio,NDCINC,ECU,LU_NPRMON,E2_FOR,,1,2014,,,,,,1.0
InputActivityRatio,NDCINC,ECU,LU_NPRMON,E2_FOR,,1,2015,,,,,,1.0
InputActivityRatio,NDCINC,ECU,LU_NPRMON,E2_FOR,,1,2016,,,,,,1.0
InputActivityRatio,NDCINC,ECU,LU_NPRMON,E2_FOR,,1,2017,,,,,,1.0
InputActivityRatio,NDCINC,ECU,LU_NPRMON,E2_FOR,,1,2018,,,,,,1.0
InputActivityRatio,NDCINC,ECU,LU_NPRMON,E2_FOR,,1,2019,,,,,,1.0
InputActivityRatio,NDCINC,ECU,LU_NPRMON,E2_FOR,,1,2020,,,,,,1.0
InputActivityRatio,NDCINC,ECU,LU_NPRMON,E2_FOR,,1,2021,,,,,,1.0
InputActivityRatio,NDCINC,ECU,LU_NPRMON,E2_FOR,,1,2022,,,,,,1.0
InputActivityRatio,NDCINC,ECU,LU_NPRMON,E2_FOR,,1,2023,,,,,,1.0
InputActivityRatio,NDCINC,ECU,LU_NPRMON,E2_FOR,,1,2024,,,,,,1.0
InputActivityRatio,NDCINC,ECU,LU_NPRMON,E2_FOR,,1,2025,,,,,,1.0
InputActivityRatio,NDCINC,ECU,LU_NPRMON,E2_FOR,,1,2026,,,,,,1.0
InputActivityRatio,NDCINC,ECU,LU_NPRMON,E2_FOR,,1,2027,,,,,,1.0
InputActivityRatio,NDCINC,ECU,LU_NPRMON,E2_FOR,,1,2028,,,,,,1.0
InputActivityRatio,NDCINC,ECU,LU_NPRMON,E2_FOR,,1,2029,,,,,,1.0
InputActivityRatio,NDCINC,ECU,LU_NPRMON,E2_FOR,,1,2030,,,,,,1.0
InputActivityRatio,NDCINC,ECU,LU_NPRMON,E2_FOR,,1,2031,,,,,,1.0
InputActivityRatio,NDCINC,ECU,LU_NPRMON,E2_FOR,,1,2032,,,,,,1.0
InputActivityRatio,NDCINC,ECU,LU_NPRMON,E2_FOR,,1,2033,,,,,,1.0
InputActivityRatio,NDCINC,ECU,LU_NPRMON,E2_FOR,,1,2034,,,,,,1.0
InputActivityRatio,NDCINC,ECU,LU_NPRMON,E2_FOR,,1,2035,,,,,,1.0
InputActivityRatio,NDCINC,ECU,LU_NUNMON,E2_FOR,,1,2010,,,,,,1.0
InputActivityRatio,NDCINC,ECU,LU_NUNMON,E2_FOR,,1,2011,,,,,,1.0
InputActivityRatio,NDCINC,ECU,LU_NUNMON,E2_FOR,,1,2012,,,,,,1.0
InputActivityRatio,NDCINC,ECU,LU_NUNMON,E2_FOR,,1,2013,,,,,,1.0
InputActivityRatio,NDCINC,ECU,LU_NUNMON,E2_FOR,,1,2014,,,,,,1.0
InputActivityRatio,NDCINC,ECU,LU_NUNMON,E2_FOR,,1,2015,,,,,,1.0
InputActivityRatio,NDCINC,ECU,LU_NUNMON,E2_FOR,,1,2016,,,,,,1.0
InputActivityRatio,NDCINC,ECU,LU_NUNMON,E2_FOR,,1,2017,,,,,,1.0
InputActivityRatio,NDCINC,ECU,LU_NUNMON,E2_FOR,,1,2018,,,,,,1.0
InputActivityRatio,NDCINC,ECU,LU_NUNMON,E2_FOR,,1,2019,,,,,,1.0
InputActivityRatio,NDCINC,ECU,LU_NUNMON,E2_FOR,,1,2020,,,,,,1.0
InputActivityRatio,NDCINC,ECU,LU_NUNMON,E2_FOR,,1,2021,,,,,,1.0
InputActivityRatio,NDCINC,ECU,LU_NUNMON,E2_FOR,,1,2022,,,,,,1.0
InputActivityRatio,NDCINC,ECU,LU_NUNMON,E2_FOR,,1,2023,,,,,,1.0
InputActivityRatio,NDCINC,ECU,LU_NUNMON,E2_FOR,,1,2024,,,,,,1.0
InputActivityRatio,NDCINC,ECU,LU_NUNMON,E2_FOR,,1,2025,,,,,,1.0
InputActivityRatio,NDCINC,ECU,LU_NUNMON,E2_FOR,,1,2026,,,,,,1.0
InputActivityRatio,NDCINC,ECU,LU_NUNMON,E2_FOR,,1,2027,,,,,,1.0
InputActivityRatio,NDCINC,ECU,LU_NUNMON,E2_FOR,,1,2028,,,,,,1.0
InputActivityRatio,NDCINC,ECU,LU_NUNMON,E2_FOR,,1,2029,,,,,,1.0
InputActivityRatio,NDCINC,ECU,LU_NUNMON,E2_FOR,,1,2030,,,,,,1.0
InputActivityRatio,NDCINC,ECU,LU_NUNMON,E2_FOR,,1,2031,,,,,,1.0
InputActivityRatio,NDCINC,ECU,LU_NUNMON,E2_FOR,,1,2032,,,,,,1.0
InputActivityRatio,NDCINC,ECU,LU_NUNMON,E2_FOR,,1,2033,,,,,,1.0
InputActivityRatio,NDCINC,ECU,LU_NUNMON,E2_FOR,,1,2034,,,,,,1.0
InputActivityRatio,NDCINC,ECU,LU_NUNMON,E2_FOR,,1,2035,,,,,,1.0
InputActivityRatio,NDCINC,ECU,LU_NPRPIE,E2_FOR,,1,2010,,,,,,1.0
InputActivityRatio,NDCINC,ECU,LU_NPRPIE,E2_FOR,,1,2011,,,,,,1.0
InputActivityRatio,NDCINC,ECU,LU_NPRPIE,E2_FOR,,1,2012,,,,,,1.0
InputActivityRatio,NDCINC,ECU,LU_NPRPIE,E2_FOR,,1,2013,,,,,,1.0
InputActivityRatio,NDCINC,ECU,LU_NPRPIE,E2_FOR,,1,2014,,,,,,1.0
InputActivityRatio,NDCINC,ECU,LU_NPRPIE,E2_FOR,,1,2015,,,,,,1.0
InputActivityRatio,NDCINC,ECU,LU_NPRPIE,E2_FOR,,1,2016,,,,,,1.0
InputActivityRatio,NDCINC,ECU,LU_NPRPIE,E2_FOR,,1,2017,,,,,,1.0
InputActivityRatio,NDCINC,ECU,LU_NPRPIE,E2_FOR,,1,2018,,,,,,1.0
InputActivityRatio,NDCINC,ECU,LU_NPRPIE,E2_FOR,,1,2019,,,,,,1.0
InputActivityRatio,NDCINC,ECU,LU_NPRPIE,E2_FOR,,1,2020,,,,,,1.0
InputActivityRatio,NDCINC,ECU,LU_NPRPIE,E2_FOR,,1,2021,,,,,,1.0
InputActivityRatio,NDCINC,ECU,LU_NPRPIE,E2_FOR,,1,2022,,,,,,1.0
InputActivityRatio,NDCINC,ECU,LU_NPRPIE,E2_FOR,,1,2023,,,,,,1.0
InputActivityRatio,NDCINC,ECU,LU_NPRPIE,E2_FOR,,1,2024,,,,,,1.0
InputActivityRatio,NDCINC,ECU,LU_NPRPIE,E2_FOR,,1,2025,,,,,,1.0
InputActivityRatio,NDCINC,ECU,LU_NPRPIE,E2_FOR,,1,2026,,,,,,1.0
InputActivityRatio,NDCINC,ECU,LU_NPRPIE,E2_FOR,,1,2027,,,,,,1.0
InputActivityRatio,NDCINC,ECU,LU_NPRPIE,E2_FOR,,1,2028,,,,,,1.0
InputActivityRatio,NDCINC,ECU,LU_NPRPIE,E2_FOR,,1,2029,,,,,,1.0
InputActivityRatio,NDCINC,ECU,LU_NPRPIE,E2_FOR,,1,2030,,,,,,1.0
InputActivityRatio,NDCINC,ECU,LU_NPRPIE,E2_FOR,,1,2031,,,,,,1.0
InputActivityRatio,NDCINC,ECU,LU_NPRPIE,E2_FOR,,1,2032,,,,,,1.0
InputActivityRatio,NDCINC,ECU,LU_NPRPIE,E2_FOR,,1,2033,,,,,,1.0
InputActivityRatio,NDCINC,ECU,LU_NPRPIE,E2_FOR,,1,2034,,,,,,1.0
InputActivityRatio,NDCINC,ECU,LU_NPRPIE,E2_FOR,,1,2035,,,,,,1.0
InputActivityRatio,NDCINC,ECU,LU_NUNPIE,E2_FOR,,1,2010,,,,,,1.0
InputActivityRatio,NDCINC,ECU,LU_NUNPIE,E2_FOR,,1,2011,,,,,,1.0
InputActivityRatio,NDCINC,ECU,LU_NUNPIE,E2_FOR,,1,2012,,,,,,1.0
InputActivityRatio,NDCINC,ECU,LU_NUNPIE,E2_FOR,,1,2013,,,,,,1.0
InputActivityRatio,NDCINC,ECU,LU_NUNPIE,E2_FOR,,1,2014,,,,,,1.0
InputActivityRatio,NDCINC,ECU,LU_NUNPIE,E2_FOR,,1,2015,,,,,,1.0
InputActivityRatio,NDCINC,ECU,LU_NUNPIE,E2_FOR,,1,2016,,,,,,1.0
InputActivityRatio,NDCINC,ECU,LU_NUNPIE,E2_FOR,,1,2017,,,,,,1.0
InputActivityRatio,NDCINC,ECU,LU_NUNPIE,E2_FOR,,1,2018,,,,,,1.0
InputActivityRatio,NDCINC,ECU,LU_NUNPIE,E2_FOR,,1,2019,,,,,,1.0
InputActivityRatio,NDCINC,ECU,LU_NUNPIE,E2_FOR,,1,2020,,,,,,1.0
InputActivityRatio,NDCINC,ECU,LU_NUNPIE,E2_FOR,,1,2021,,,,,,1.0
InputActivityRatio,NDCINC,ECU,LU_NUNPIE,E2_FOR,,1,2022,,,,,,1.0
InputActivityRatio,NDCINC,ECU,LU_NUNPIE,E2_FOR,,1,2023,,,,,,1.0
InputActivityRatio,NDCINC,ECU,LU_NUNPIE,E2_FOR,,1,2024,,,,,,1.0
InputActivityRatio,NDCINC,ECU,LU_NUNPIE,E2_FOR,,1,2025,,,,,,1.0
InputActivityRatio,NDCINC,ECU,LU_NUNPIE,E2_FOR,,1,2026,,,,,,1.0
InputActivityRatio,NDCINC,ECU,LU_NUNPIE,E2_FOR,,1,2027,,,,,,1.0
InputActivityRatio,NDCINC,ECU,LU_NUNPIE,E2_FOR,,1,2028,,,,,,1.0
InputActivityRatio,NDCINC,ECU,LU_NUNPIE,E2_FOR,,1,2029,,,,,,1.0
InputActivityRatio,NDCINC,ECU,LU_NUNPIE,E2_FOR,,1,2030,,,,,,1.0
InputActivityRatio,NDCINC,ECU,LU_NUNPIE,E2_FOR,,1,2031,,,,,,1.0
InputActivityRatio,NDCINC,ECU,LU_NUNPIE,E2_FOR,,1,2032,,,,,,1.0
InputActivityRatio,NDCINC,ECU,LU_NUNPIE,E2_FOR,,1,2033,,,,,,1.0
InputActivityRatio,NDCINC,ECU,LU_NUNPIE,E2_FOR,,1,2034,,,,,,1.0
InputActivityRatio,NDCINC,ECU,LU_NUNPIE,E2_FOR,,1,2035,,,,,,1.0
InputActivityRatio,NDCINC,ECU,LU_NPRCEJ,E2_FOR,,1,2010,,,,,,1.0
InputActivityRatio,NDCINC,ECU,LU_NPRCEJ,E2_FOR,,1,2011,,,,,,1.0
InputActivityRatio,NDCINC,ECU,LU_NPRCEJ,E2_FOR,,1,2012,,,,,,1.0
InputActivityRatio,NDCINC,ECU,LU_NPRCEJ,E2_FOR,,1,2013,,,,,,1.0
InputActivityRatio,NDCINC,ECU,LU_NPRCEJ,E2_FOR,,1,2014,,,,,,1.0
InputActivityRatio,NDCINC,ECU,LU_NPRCEJ,E2_FOR,,1,2015,,,,,,1.0
InputActivityRatio,NDCINC,ECU,LU_NPRCEJ,E2_FOR,,1,2016,,,,,,1.0
InputActivityRatio,NDCINC,ECU,LU_NPRCEJ,E2_FOR,,1,2017,,,,,,1.0
InputActivityRatio,NDCINC,ECU,LU_NPRCEJ,E2_FOR,,1,2018,,,,,,1.0
InputActivityRatio,NDCINC,ECU,LU_NPRCEJ,E2_FOR,,1,2019,,,,,,1.0
InputActivityRatio,NDCINC,ECU,LU_NPRCEJ,E2_FOR,,1,2020,,,,,,1.0
InputActivityRatio,NDCINC,ECU,LU_NPRCEJ,E2_FOR,,1,2021,,,,,,1.0
InputActivityRatio,NDCINC,ECU,LU_NPRCEJ,E2_FOR,,1,2022,,,,,,1.0
InputActivityRatio,NDCINC,ECU,LU_NPRCEJ,E2_FOR,,1,2023,,,,,,1.0
InputActivityRatio,NDCINC,ECU,LU_NPRCEJ,E2_FOR,,1,2024,,,,,,1.0
InputActivityRatio,NDCINC,ECU,LU_NPRCEJ,E2_FOR,,1,2025,,,,,,1.0
InputActivityRatio,NDCINC,ECU,LU_NPRCEJ,E2_FOR,,1,2026,,,,,,1.0
InputActivityRatio,NDCINC,ECU,LU_NPRCEJ,E2_FOR,,1,2027,,,,,,1.0
InputActivityRatio,NDCINC,ECU,LU_NPRCEJ,E2_FOR,,1,2028,,,,,,1.0
InputActivityRatio,NDCINC,ECU,LU_NPRCEJ,E2_FOR,,1,2029,,,,,,1.0
InputActivityRatio,NDCINC,ECU,LU_NPRCEJ,E2_FOR,,1,2030,,,,,,1.0
InputActivityRatio,NDCINC,ECU,LU_NPRCEJ,E2_FOR,,1,2031,,,,,,1.0
InputActivityRatio,NDCINC,ECU,LU_NPRCEJ,E2_FOR,,1,2032,,,,,,1.0
InputActivityRatio,NDCINC,ECU,LU_NPRCEJ,E2_FOR,,1,2033,,,,,,1.0
InputActivityRatio,NDCINC,ECU,LU_NPRCEJ,E2_FOR,,1,2034,,,,,,1.0
InputActivityRatio,NDCINC,ECU,LU_NPRCEJ,E2_FOR,,1,2035,,,,,,1.0
InputActivityRatio,NDCINC,ECU,LU_NUNCEJ,E2_FOR,,1,2010,,,,,,1.0
InputActivityRatio,NDCINC,ECU,LU_NUNCEJ,E2_FOR,,1,2011,,,,,,1.0
InputActivityRatio,NDCINC,ECU,LU_NUNCEJ,E2_FOR,,1,2012,,,,,,1.0
InputActivityRatio,NDCINC,ECU,LU_NUNCEJ,E2_FOR,,1,2013,,,,,,1.0
InputActivityRatio,NDCINC,ECU,LU_NUNCEJ,E2_FOR,,1,2014,,,,,,1.0
InputActivityRatio,NDCINC,ECU,LU_NUNCEJ,E2_FOR,,1,2015,,,,,,1.0
InputActivityRatio,NDCINC,ECU,LU_NUNCEJ,E2_FOR,,1,2016,,,,,,1.0
InputActivityRatio,NDCINC,ECU,LU_NUNCEJ,E2_FOR,,1,2017,,,,,,1.0
InputActivityRatio,NDCINC,ECU,LU_NUNCEJ,E2_FOR,,1,2018,,,,,,1.0
InputActivityRatio,NDCINC,ECU,LU_NUNCEJ,E2_FOR,,1,2019,,,,,,1.0
InputActivityRatio,NDCINC,ECU,LU_NUNCEJ,E2_FOR,,1,2020,,,,,,1.0
InputActivityRatio,NDCINC,ECU,LU_NUNCEJ,E2_FOR,,1,2021,,,,,,1.0
InputActivityRatio,NDCINC,ECU,LU_NUNCEJ,E2_FOR,,1,2022,,,,,,1.0
InputActivityRatio,NDCINC,ECU,LU_NUNCEJ,E2_FOR,,1,2023,,,,,,1.0
InputActivityRatio,NDCINC,ECU,LU_NUNCEJ,E2_FOR,,1,2024,,,,,,1.0
InputActivityRatio,NDCINC,ECU,LU_NUNCEJ,E2_FOR,,1,2025,,,,,,1.0
InputActivityRatio,NDCINC,ECU,LU_NUNCEJ,E2_FOR,,1,2026,,,,,,1.0
InputActivityRatio,NDCINC,ECU,LU_NUNCEJ,E2_FOR,,1,2027,,,,,,1.0
InputActivityRatio,NDCINC,ECU,LU_NUNCEJ,E2_FOR,,1,2028,,,,,,1.0
InputActivityRatio,NDCINC,ECU,LU_NUNCEJ,E2_FOR,,1,2029,,,,,,1.0
InputActivityRatio,NDCINC,ECU,LU_NUNCEJ,E2_FOR,,1,2030,,,,,,1.0
InputActivityRatio,NDCINC,ECU,LU_NUNCEJ,E2_FOR,,1,2031,,,,,,1.0
InputActivityRatio,NDCINC,ECU,LU_NUNCEJ,E2_FOR,,1,2032,,,,,,1.0
InputActivityRatio,NDCINC,ECU,LU_NUNCEJ,E2_FOR,,1,2033,,,,,,1.0
InputActivityRatio,NDCINC,ECU,LU_NUNCEJ,E2_FOR,,1,2034,,,,,,1.0
InputActivityRatio,NDCINC,ECU,LU_NUNCEJ,E2_FOR,,1,2035,,,,,,1.0
InputActivityRatio,NDCINC,ECU,LU_NPRAMA,E2_FOR,,1,2010,,,,,,1.0
InputActivityRatio,NDCINC,ECU,LU_NPRAMA,E2_FOR,,1,2011,,,,,,1.0
InputActivityRatio,NDCINC,ECU,LU_NPRAMA,E2_FOR,,1,2012,,,,,,1.0
InputActivityRatio,NDCINC,ECU,LU_NPRAMA,E2_FOR,,1,2013,,,,,,1.0
InputActivityRatio,NDCINC,ECU,LU_NPRAMA,E2_FOR,,1,2014,,,,,,1.0
InputActivityRatio,NDCINC,ECU,LU_NPRAMA,E2_FOR,,1,2015,,,,,,1.0
InputActivityRatio,NDCINC,ECU,LU_NPRAMA,E2_FOR,,1,2016,,,,,,1.0
InputActivityRatio,NDCINC,ECU,LU_NPRAMA,E2_FOR,,1,2017,,,,,,1.0
InputActivityRatio,NDCINC,ECU,LU_NPRAMA,E2_FOR,,1,2018,,,,,,1.0
InputActivityRatio,NDCINC,ECU,LU_NPRAMA,E2_FOR,,1,2019,,,,,,1.0
InputActivityRatio,NDCINC,ECU,LU_NPRAMA,E2_FOR,,1,2020,,,,,,1.0
InputActivityRatio,NDCINC,ECU,LU_NPRAMA,E2_FOR,,1,2021,,,,,,1.0
InputActivityRatio,NDCINC,ECU,LU_NPRAMA,E2_FOR,,1,2022,,,,,,1.0
InputActivityRatio,NDCINC,ECU,LU_NPRAMA,E2_FOR,,1,2023,,,,,,1.0
InputActivityRatio,NDCINC,ECU,LU_NPRAMA,E2_FOR,,1,2024,,,,,,1.0
InputActivityRatio,NDCINC,ECU,LU_NPRAMA,E2_FOR,,1,2025,,,,,,1.0
InputActivityRatio,NDCINC,ECU,LU_NPRAMA,E2_FOR,,1,2026,,,,,,1.0
InputActivityRatio,NDCINC,ECU,LU_NPRAMA,E2_FOR,,1,2027,,,,,,1.0
InputActivityRatio,NDCINC,ECU,LU_NPRAMA,E2_FOR,,1,2028,,,,,,1.0
InputActivityRatio,NDCINC,ECU,LU_NPRAMA,E2_FOR,,1,2029,,,,,,1.0
InputActivityRatio,NDCINC,ECU,LU_NPRAMA,E2_FOR,,1,2030,,,,,,1.0
InputActivityRatio,NDCINC,ECU,LU_NPRAMA,E2_FOR,,1,2031,,,,,,1.0
InputActivityRatio,NDCINC,ECU,LU_NPRAMA,E2_FOR,,1,2032,,,,,,1.0
InputActivityRatio,NDCINC,ECU,LU_NPRAMA,E2_FOR,,1,2033,,,,,,1.0
InputActivityRatio,NDCINC,ECU,LU_NPRAMA,E2_FOR,,1,2034,,,,,,1.0
InputActivityRatio,NDCINC,ECU,LU_NPRAMA,E2_FOR,,1,2035,,,,,,1.0
InputActivityRatio,NDCINC,ECU,LU_NUNAMA,E2_FOR,,1,2010,,,,,,1.0
InputActivityRatio,NDCINC,ECU,LU_NUNAMA,E2_FOR,,1,2011,,,,,,1.0
InputActivityRatio,NDCINC,ECU,LU_NUNAMA,E2_FOR,,1,2012,,,,,,1.0
InputActivityRatio,NDCINC,ECU,LU_NUNAMA,E2_FOR,,1,2013,,,,,,1.0
InputActivityRatio,NDCINC,ECU,LU_NUNAMA,E2_FOR,,1,2014,,,,,,1.0
InputActivityRatio,NDCINC,ECU,LU_NUNAMA,E2_FOR,,1,2015,,,,,,1.0
InputActivityRatio,NDCINC,ECU,LU_NUNAMA,E2_FOR,,1,2016,,,,,,1.0
InputActivityRatio,NDCINC,ECU,LU_NUNAMA,E2_FOR,,1,2017,,,,,,1.0
InputActivityRatio,NDCINC,ECU,LU_NUNAMA,E2_FOR,,1,2018,,,,,,1.0
InputActivityRatio,NDCINC,ECU,LU_NUNAMA,E2_FOR,,1,2019,,,,,,1.0
InputActivityRatio,NDCINC,ECU,LU_NUNAMA,E2_FOR,,1,2020,,,,,,1.0
InputActivityRatio,NDCINC,ECU,LU_NUNAMA,E2_FOR,,1,2021,,,,,,1.0
InputActivityRatio,NDCINC,ECU,LU_NUNAMA,E2_FOR,,1,2022,,,,,,1.0
InputActivityRatio,NDCINC,ECU,LU_NUNAMA,E2_FOR,,1,2023,,,,,,1.0
InputActivityRatio,NDCINC,ECU,LU_NUNAMA,E2_FOR,,1,2024,,,,,,1.0
InputActivityRatio,NDCINC,ECU,LU_NUNAMA,E2_FOR,,1,2025,,,,,,1.0
InputActivityRatio,NDCINC,ECU,LU_NUNAMA,E2_FOR,,1,2026,,,,,,1.0
InputActivityRatio,NDCINC,ECU,LU_NUNAMA,E2_FOR,,1,2027,,,,,,1.0
InputActivityRatio,NDCINC,ECU,LU_NUNAMA,E2_FOR,,1,2028,,,,,,1.0
InputActivityRatio,NDCINC,ECU,LU_NUNAMA,E2_FOR,,1,2029,,,,,,1.0
InputActivityRatio,NDCINC,ECU,LU_NUNAMA,E2_FOR,,1,2030,,,,,,1.0
InputActivityRatio,NDCINC,ECU,LU_NUNAMA,E2_FOR,,1,2031,,,,,,1.0
InputActivityRatio,NDCINC,ECU,LU_NUNAMA,E2_FOR,,1,2032,,,,,,1.0
InputActivityRatio,NDCINC,ECU,LU_NUNAMA,E2_FOR,,1,2033,,,,,,1.0
InputActivityRatio,NDCINC,ECU,LU_NUNAMA,E2_FOR,,1,2034,,,,,,1.0
InputActivityRatio,NDCINC,ECU,LU_NUNAMA,E2_FOR,,1,2035,,,,,,1.0
InputActivityRatio,NDCINC,ECU,LU_NPRCHO,E2_FOR,,1,2010,,,,,,1.0
InputActivityRatio,NDCINC,ECU,LU_NPRCHO,E2_FOR,,1,2011,,,,,,1.0
InputActivityRatio,NDCINC,ECU,LU_NPRCHO,E2_FOR,,1,2012,,,,,,1.0
InputActivityRatio,NDCINC,ECU,LU_NPRCHO,E2_FOR,,1,2013,,,,,,1.0
InputActivityRatio,NDCINC,ECU,LU_NPRCHO,E2_FOR,,1,2014,,,,,,1.0
InputActivityRatio,NDCINC,ECU,LU_NPRCHO,E2_FOR,,1,2015,,,,,,1.0
InputActivityRatio,NDCINC,ECU,LU_NPRCHO,E2_FOR,,1,2016,,,,,,1.0
InputActivityRatio,NDCINC,ECU,LU_NPRCHO,E2_FOR,,1,2017,,,,,,1.0
InputActivityRatio,NDCINC,ECU,LU_NPRCHO,E2_FOR,,1,2018,,,,,,1.0
InputActivityRatio,NDCINC,ECU,LU_NPRCHO,E2_FOR,,1,2019,,,,,,1.0
InputActivityRatio,NDCINC,ECU,LU_NPRCHO,E2_FOR,,1,2020,,,,,,1.0
InputActivityRatio,NDCINC,ECU,LU_NPRCHO,E2_FOR,,1,2021,,,,,,1.0
InputActivityRatio,NDCINC,ECU,LU_NPRCHO,E2_FOR,,1,2022,,,,,,1.0
InputActivityRatio,NDCINC,ECU,LU_NPRCHO,E2_FOR,,1,2023,,,,,,1.0
InputActivityRatio,NDCINC,ECU,LU_NPRCHO,E2_FOR,,1,2024,,,,,,1.0
InputActivityRatio,NDCINC,ECU,LU_NPRCHO,E2_FOR,,1,2025,,,,,,1.0
InputActivityRatio,NDCINC,ECU,LU_NPRCHO,E2_FOR,,1,2026,,,,,,1.0
InputActivityRatio,NDCINC,ECU,LU_NPRCHO,E2_FOR,,1,2027,,,,,,1.0
InputActivityRatio,NDCINC,ECU,LU_NPRCHO,E2_FOR,,1,2028,,,,,,1.0
InputActivityRatio,NDCINC,ECU,LU_NPRCHO,E2_FOR,,1,2029,,,,,,1.0
InputActivityRatio,NDCINC,ECU,LU_NPRCHO,E2_FOR,,1,2030,,,,,,1.0
InputActivityRatio,NDCINC,ECU,LU_NPRCHO,E2_FOR,,1,2031,,,,,,1.0
InputActivityRatio,NDCINC,ECU,LU_NPRCHO,E2_FOR,,1,2032,,,,,,1.0
InputActivityRatio,NDCINC,ECU,LU_NPRCHO,E2_FOR,,1,2033,,,,,,1.0
InputActivityRatio,NDCINC,ECU,LU_NPRCHO,E2_FOR,,1,2034,,,,,,1.0
InputActivityRatio,NDCINC,ECU,LU_NPRCHO,E2_FOR,,1,2035,,,,,,1.0
InputActivityRatio,NDCINC,ECU,LU_NUNCHO,E2_FOR,,1,2010,,,,,,1.0
InputActivityRatio,NDCINC,ECU,LU_NUNCHO,E2_FOR,,1,2011,,,,,,1.0
InputActivityRatio,NDCINC,ECU,LU_NUNCHO,E2_FOR,,1,2012,,,,,,1.0
InputActivityRatio,NDCINC,ECU,LU_NUNCHO,E2_FOR,,1,2013,,,,,,1.0
InputActivityRatio,NDCINC,ECU,LU_NUNCHO,E2_FOR,,1,2014,,,,,,1.0
InputActivityRatio,NDCINC,ECU,LU_NUNCHO,E2_FOR,,1,2015,,,,,,1.0
InputActivityRatio,NDCINC,ECU,LU_NUNCHO,E2_FOR,,1,2016,,,,,,1.0
InputActivityRatio,NDCINC,ECU,LU_NUNCHO,E2_FOR,,1,2017,,,,,,1.0
InputActivityRatio,NDCINC,ECU,LU_NUNCHO,E2_FOR,,1,2018,,,,,,1.0
InputActivityRatio,NDCINC,ECU,LU_NUNCHO,E2_FOR,,1,2019,,,,,,1.0
InputActivityRatio,NDCINC,ECU,LU_NUNCHO,E2_FOR,,1,2020,,,,,,1.0
InputActivityRatio,NDCINC,ECU,LU_NUNCHO,E2_FOR,,1,2021,,,,,,1.0
InputActivityRatio,NDCINC,ECU,LU_NUNCHO,E2_FOR,,1,2022,,,,,,1.0
InputActivityRatio,NDCINC,ECU,LU_NUNCHO,E2_FOR,,1,2023,,,,,,1.0
InputActivityRatio,NDCINC,ECU,LU_NUNCHO,E2_FOR,,1,2024,,,,,,1.0
InputActivityRatio,NDCINC,ECU,LU_NUNCHO,E2_FOR,,1,2025,,,,,,1.0
InputActivityRatio,NDCINC,ECU,LU_NUNCHO,E2_FOR,,1,2026,,,,,,1.0
InputActivityRatio,NDCINC,ECU,LU_NUNCHO,E2_FOR,,1,2027,,,,,,1.0
InputActivityRatio,NDCINC,ECU,LU_NUNCHO,E2_FOR,,1,2028,,,,,,1.0
InputActivityRatio,NDCINC,ECU,LU_NUNCHO,E2_FOR,,1,2029,,,,,,1.0
InputActivityRatio,NDCINC,ECU,LU_NUNCHO,E2_FOR,,1,2030,,,,,,1.0
InputActivityRatio,NDCINC,ECU,LU_NUNCHO,E2_FOR,,1,2031,,,,,,1.0
InputActivityRatio,NDCINC,ECU,LU_NUNCHO,E2_FOR,,1,2032,,,,,,1.0
InputActivityRatio,NDCINC,ECU,LU_NUNCHO,E2_FOR,,1,2033,,,,,,1.0
InputActivityRatio,NDCINC,ECU,LU_NUNCHO,E2_FOR,,1,2034,,,,,,1.0
InputActivityRatio,NDCINC,ECU,LU_NUNCHO,E2_FOR,,1,2035,,,,,,1.0
InputActivityRatio,NDCINC,ECU,LU_RAR,E2_FOR,,1,2010,,,,,,1.0
InputActivityRatio,NDCINC,ECU,LU_RAR,E2_FOR,,1,2011,,,,,,1.0
InputActivityRatio,NDCINC,ECU,LU_RAR,E2_FOR,,1,2012,,,,,,1.0
InputActivityRatio,NDCINC,ECU,LU_RAR,E2_FOR,,1,2013,,,,,,1.0
InputActivityRatio,NDCINC,ECU,LU_RAR,E2_FOR,,1,2014,,,,,,1.0
InputActivityRatio,NDCINC,ECU,LU_RAR,E2_FOR,,1,2015,,,,,,1.0
InputActivityRatio,NDCINC,ECU,LU_RAR,E2_FOR,,1,2016,,,,,,1.0
InputActivityRatio,NDCINC,ECU,LU_RAR,E2_FOR,,1,2017,,,,,,1.0
InputActivityRatio,NDCINC,ECU,LU_RAR,E2_FOR,,1,2018,,,,,,1.0
InputActivityRatio,NDCINC,ECU,LU_RAR,E2_FOR,,1,2019,,,,,,1.0
InputActivityRatio,NDCINC,ECU,LU_RAR,E2_FOR,,1,2020,,,,,,1.0
InputActivityRatio,NDCINC,ECU,LU_RAR,E2_FOR,,1,2021,,,,,,1.0
InputActivityRatio,NDCINC,ECU,LU_RAR,E2_FOR,,1,2022,,,,,,1.0
InputActivityRatio,NDCINC,ECU,LU_RAR,E2_FOR,,1,2023,,,,,,1.0
InputActivityRatio,NDCINC,ECU,LU_RAR,E2_FOR,,1,2024,,,,,,1.0
InputActivityRatio,NDCINC,ECU,LU_RAR,E2_FOR,,1,2025,,,,,,1.0
InputActivityRatio,NDCINC,ECU,LU_RAR,E2_FOR,,1,2026,,,,,,1.0
InputActivityRatio,NDCINC,ECU,LU_RAR,E2_FOR,,1,2027,,,,,,1.0
InputActivityRatio,NDCINC,ECU,LU_RAR,E2_FOR,,1,2028,,,,,,1.0
InputActivityRatio,NDCINC,ECU,LU_RAR,E2_FOR,,1,2029,,,,,,1.0
InputActivityRatio,NDCINC,ECU,LU_RAR,E2_FOR,,1,2030,,,,,,1.0
InputActivityRatio,NDCINC,ECU,LU_RAR,E2_FOR,,1,2031,,,,,,1.0
InputActivityRatio,NDCINC,ECU,LU_RAR,E2_FOR,,1,2032,,,,,,1.0
InputActivityRatio,NDCINC,ECU,LU_RAR,E2_FOR,,1,2033,,,,,,1.0
InputActivityRatio,NDCINC,ECU,LU_RAR,E2_FOR,,1,2034,,,,,,1.0
InputActivityRatio,NDCINC,ECU,LU_RAR,E2_FOR,,1,2035,,,,,,1.0
InputActivityRatio,NDCINC,ECU,LU_PLA,E2_FOR,,1,2010,,,,,,1.0
InputActivityRatio,NDCINC,ECU,LU_PLA,E2_FOR,,1,2011,,,,,,1.0
InputActivityRatio,NDCINC,ECU,LU_PLA,E2_FOR,,1,2012,,,,,,1.0
InputActivityRatio,NDCINC,ECU,LU_PLA,E2_FOR,,1,2013,,,,,,1.0
InputActivityRatio,NDCINC,ECU,LU_PLA,E2_FOR,,1,2014,,,,,,1.0
InputActivityRatio,NDCINC,ECU,LU_PLA,E2_FOR,,1,2015,,,,,,1.0
InputActivityRatio,NDCINC,ECU,LU_PLA,E2_FOR,,1,2016,,,,,,1.0
InputActivityRatio,NDCINC,ECU,LU_PLA,E2_FOR,,1,2017,,,,,,1.0
InputActivityRatio,NDCINC,ECU,LU_PLA,E2_FOR,,1,2018,,,,,,1.0
InputActivityRatio,NDCINC,ECU,LU_PLA,E2_FOR,,1,2019,,,,,,1.0
InputActivityRatio,NDCINC,ECU,LU_PLA,E2_FOR,,1,2020,,,,,,1.0
InputActivityRatio,NDCINC,ECU,LU_PLA,E2_FOR,,1,2021,,,,,,1.0
InputActivityRatio,NDCINC,ECU,LU_PLA,E2_FOR,,1,2022,,,,,,1.0
InputActivityRatio,NDCINC,ECU,LU_PLA,E2_FOR,,1,2023,,,,,,1.0
InputActivityRatio,NDCINC,ECU,LU_PLA,E2_FOR,,1,2024,,,,,,1.0
InputActivityRatio,NDCINC,ECU,LU_PLA,E2_FOR,,1,2025,,,,,,1.0
InputActivityRatio,NDCINC,ECU,LU_PLA,E2_FOR,,1,2026,,,,,,1.0
InputActivityRatio,NDCINC,ECU,LU_PLA,E2_FOR,,1,2027,,,,,,1.0
InputActivityRatio,NDCINC,ECU,LU_PLA,E2_FOR,,1,2028,,,,,,1.0
InputActivityRatio,NDCINC,ECU,LU_PLA,E2_FOR,,1,2029,,,,,,1.0
InputActivityRatio,NDCINC,ECU,LU_PLA,E2_FOR,,1,2030,,,,,,1.0
InputActivityRatio,NDCINC,ECU,LU_PLA,E2_FOR,,1,2031,,,,,,1.0
InputActivityRatio,NDCINC,ECU,LU_PLA,E2_FOR,,1,2032,,,,,,1.0
InputActivityRatio,NDCINC,ECU,LU_PLA,E2_FOR,,1,2033,,,,,,1.0
InputActivityRatio,NDCINC,ECU,LU_PLA,E2_FOR,,1,2034,,,,,,1.0
InputActivityRatio,NDCINC,ECU,LU_PLA,E2_FOR,,1,2035,,,,,,1.0
InputActivityRatio,NDCINC,ECU,LU_NPRMAN,E2_FOR,,1,2010,,,,,,1.0
InputActivityRatio,NDCINC,ECU,LU_NPRMAN,E2_FOR,,1,2011,,,,,,1.0
InputActivityRatio,NDCINC,ECU,LU_NPRMAN,E2_FOR,,1,2012,,,,,,1.0
InputActivityRatio,NDCINC,ECU,LU_NPRMAN,E2_FOR,,1,2013,,,,,,1.0
InputActivityRatio,NDCINC,ECU,LU_NPRMAN,E2_FOR,,1,2014,,,,,,1.0
InputActivityRatio,NDCINC,ECU,LU_NPRMAN,E2_FOR,,1,2015,,,,,,1.0
InputActivityRatio,NDCINC,ECU,LU_NPRMAN,E2_FOR,,1,2016,,,,,,1.0
InputActivityRatio,NDCINC,ECU,LU_NPRMAN,E2_FOR,,1,2017,,,,,,1.0
InputActivityRatio,NDCINC,ECU,LU_NPRMAN,E2_FOR,,1,2018,,,,,,1.0
InputActivityRatio,NDCINC,ECU,LU_NPRMAN,E2_FOR,,1,2019,,,,,,1.0
InputActivityRatio,NDCINC,ECU,LU_NPRMAN,E2_FOR,,1,2020,,,,,,1.0
InputActivityRatio,NDCINC,ECU,LU_NPRMAN,E2_FOR,,1,2021,,,,,,1.0
InputActivityRatio,NDCINC,ECU,LU_NPRMAN,E2_FOR,,1,2022,,,,,,1.0
InputActivityRatio,NDCINC,ECU,LU_NPRMAN,E2_FOR,,1,2023,,,,,,1.0
InputActivityRatio,NDCINC,ECU,LU_NPRMAN,E2_FOR,,1,2024,,,,,,1.0
InputActivityRatio,NDCINC,ECU,LU_NPRMAN,E2_FOR,,1,2025,,,,,,1.0
InputActivityRatio,NDCINC,ECU,LU_NPRMAN,E2_FOR,,1,2026,,,,,,1.0
InputActivityRatio,NDCINC,ECU,LU_NPRMAN,E2_FOR,,1,2027,,,,,,1.0
InputActivityRatio,NDCINC,ECU,LU_NPRMAN,E2_FOR,,1,2028,,,,,,1.0
InputActivityRatio,NDCINC,ECU,LU_NPRMAN,E2_FOR,,1,2029,,,,,,1.0
InputActivityRatio,NDCINC,ECU,LU_NPRMAN,E2_FOR,,1,2030,,,,,,1.0
InputActivityRatio,NDCINC,ECU,LU_NPRMAN,E2_FOR,,1,2031,,,,,,1.0
InputActivityRatio,NDCINC,ECU,LU_NPRMAN,E2_FOR,,1,2032,,,,,,1.0
InputActivityRatio,NDCINC,ECU,LU_NPRMAN,E2_FOR,,1,2033,,,,,,1.0
InputActivityRatio,NDCINC,ECU,LU_NPRMAN,E2_FOR,,1,2034,,,,,,1.0
InputActivityRatio,NDCINC,ECU,LU_NPRMAN,E2_FOR,,1,2035,,,,,,1.0
InputActivityRatio,NDCINC,ECU,LU_NUNMAN,E2_FOR,,1,2010,,,,,,1.0
InputActivityRatio,NDCINC,ECU,LU_NUNMAN,E2_FOR,,1,2011,,,,,,1.0
InputActivityRatio,NDCINC,ECU,LU_NUNMAN,E2_FOR,,1,2012,,,,,,1.0
InputActivityRatio,NDCINC,ECU,LU_NUNMAN,E2_FOR,,1,2013,,,,,,1.0
InputActivityRatio,NDCINC,ECU,LU_NUNMAN,E2_FOR,,1,2014,,,,,,1.0
InputActivityRatio,NDCINC,ECU,LU_NUNMAN,E2_FOR,,1,2015,,,,,,1.0
InputActivityRatio,NDCINC,ECU,LU_NUNMAN,E2_FOR,,1,2016,,,,,,1.0
InputActivityRatio,NDCINC,ECU,LU_NUNMAN,E2_FOR,,1,2017,,,,,,1.0
InputActivityRatio,NDCINC,ECU,LU_NUNMAN,E2_FOR,,1,2018,,,,,,1.0
InputActivityRatio,NDCINC,ECU,LU_NUNMAN,E2_FOR,,1,2019,,,,,,1.0
InputActivityRatio,NDCINC,ECU,LU_NUNMAN,E2_FOR,,1,2020,,,,,,1.0
InputActivityRatio,NDCINC,ECU,LU_NUNMAN,E2_FOR,,1,2021,,,,,,1.0
InputActivityRatio,NDCINC,ECU,LU_NUNMAN,E2_FOR,,1,2022,,,,,,1.0
InputActivityRatio,NDCINC,ECU,LU_NUNMAN,E2_FOR,,1,2023,,,,,,1.0
InputActivityRatio,NDCINC,ECU,LU_NUNMAN,E2_FOR,,1,2024,,,,,,1.0
InputActivityRatio,NDCINC,ECU,LU_NUNMAN,E2_FOR,,1,2025,,,,,,1.0
InputActivityRatio,NDCINC,ECU,LU_NUNMAN,E2_FOR,,1,2026,,,,,,1.0
InputActivityRatio,NDCINC,ECU,LU_NUNMAN,E2_FOR,,1,2027,,,,,,1.0
InputActivityRatio,NDCINC,ECU,LU_NUNMAN,E2_FOR,,1,2028,,,,,,1.0
InputActivityRatio,NDCINC,ECU,LU_NUNMAN,E2_FOR,,1,2029,,,,,,1.0
InputActivityRatio,NDCINC,ECU,LU_NUNMAN,E2_FOR,,1,2030,,,,,,1.0
InputActivityRatio,NDCINC,ECU,LU_NUNMAN,E2_FOR,,1,2031,,,,,,1.0
InputActivityRatio,NDCINC,ECU,LU_NUNMAN,E2_FOR,,1,2032,,,,,,1.0
InputActivityRatio,NDCINC,ECU,LU_NUNMAN,E2_FOR,,1,2033,,,,,,1.0
InputActivityRatio,NDCINC,ECU,LU_NUNMAN,E2_FOR,,1,2034,,,,,,1.0
InputActivityRatio,NDCINC,ECU,LU_NUNMAN,E2_FOR,,1,2035,,,,,,1.0
InputActivityRatio,NDCINC,ECU,LU_NPRMOR,E2_FOR,,1,2010,,,,,,1.0
InputActivityRatio,NDCINC,ECU,LU_NPRMOR,E2_FOR,,1,2011,,,,,,1.0
InputActivityRatio,NDCINC,ECU,LU_NPRMOR,E2_FOR,,1,2012,,,,,,1.0
InputActivityRatio,NDCINC,ECU,LU_NPRMOR,E2_FOR,,1,2013,,,,,,1.0
InputActivityRatio,NDCINC,ECU,LU_NPRMOR,E2_FOR,,1,2014,,,,,,1.0
InputActivityRatio,NDCINC,ECU,LU_NPRMOR,E2_FOR,,1,2015,,,,,,1.0
InputActivityRatio,NDCINC,ECU,LU_NPRMOR,E2_FOR,,1,2016,,,,,,1.0
InputActivityRatio,NDCINC,ECU,LU_NPRMOR,E2_FOR,,1,2017,,,,,,1.0
InputActivityRatio,NDCINC,ECU,LU_NPRMOR,E2_FOR,,1,2018,,,,,,1.0
InputActivityRatio,NDCINC,ECU,LU_NPRMOR,E2_FOR,,1,2019,,,,,,1.0
InputActivityRatio,NDCINC,ECU,LU_NPRMOR,E2_FOR,,1,2020,,,,,,1.0
InputActivityRatio,NDCINC,ECU,LU_NPRMOR,E2_FOR,,1,2021,,,,,,1.0
InputActivityRatio,NDCINC,ECU,LU_NPRMOR,E2_FOR,,1,2022,,,,,,1.0
InputActivityRatio,NDCINC,ECU,LU_NPRMOR,E2_FOR,,1,2023,,,,,,1.0
InputActivityRatio,NDCINC,ECU,LU_NPRMOR,E2_FOR,,1,2024,,,,,,1.0
InputActivityRatio,NDCINC,ECU,LU_NPRMOR,E2_FOR,,1,2025,,,,,,1.0
InputActivityRatio,NDCINC,ECU,LU_NPRMOR,E2_FOR,,1,2026,,,,,,1.0
InputActivityRatio,NDCINC,ECU,LU_NPRMOR,E2_FOR,,1,2027,,,,,,1.0
InputActivityRatio,NDCINC,ECU,LU_NPRMOR,E2_FOR,,1,2028,,,,,,1.0
InputActivityRatio,NDCINC,ECU,LU_NPRMOR,E2_FOR,,1,2029,,,,,,1.0
InputActivityRatio,NDCINC,ECU,LU_NPRMOR,E2_FOR,,1,2030,,,,,,1.0
InputActivityRatio,NDCINC,ECU,LU_NPRMOR,E2_FOR,,1,2031,,,,,,1.0
InputActivityRatio,NDCINC,ECU,LU_NPRMOR,E2_FOR,,1,2032,,,,,,1.0
InputActivityRatio,NDCINC,ECU,LU_NPRMOR,E2_FOR,,1,2033,,,,,,1.0
InputActivityRatio,NDCINC,ECU,LU_NPRMOR,E2_FOR,,1,2034,,,,,,1.0
InputActivityRatio,NDCINC,ECU,LU_NPRMOR,E2_FOR,,1,2035,,,,,,1.0
InputActivityRatio,NDCINC,ECU,LU_NUNMOR,E2_FOR,,1,2010,,,,,,1.0
InputActivityRatio,NDCINC,ECU,LU_NUNMOR,E2_FOR,,1,2011,,,,,,1.0
InputActivityRatio,NDCINC,ECU,LU_NUNMOR,E2_FOR,,1,2012,,,,,,1.0
InputActivityRatio,NDCINC,ECU,LU_NUNMOR,E2_FOR,,1,2013,,,,,,1.0
InputActivityRatio,NDCINC,ECU,LU_NUNMOR,E2_FOR,,1,2014,,,,,,1.0
InputActivityRatio,NDCINC,ECU,LU_NUNMOR,E2_FOR,,1,2015,,,,,,1.0
InputActivityRatio,NDCINC,ECU,LU_NUNMOR,E2_FOR,,1,2016,,,,,,1.0
InputActivityRatio,NDCINC,ECU,LU_NUNMOR,E2_FOR,,1,2017,,,,,,1.0
InputActivityRatio,NDCINC,ECU,LU_NUNMOR,E2_FOR,,1,2018,,,,,,1.0
InputActivityRatio,NDCINC,ECU,LU_NUNMOR,E2_FOR,,1,2019,,,,,,1.0
InputActivityRatio,NDCINC,ECU,LU_NUNMOR,E2_FOR,,1,2020,,,,,,1.0
InputActivityRatio,NDCINC,ECU,LU_NUNMOR,E2_FOR,,1,2021,,,,,,1.0
InputActivityRatio,NDCINC,ECU,LU_NUNMOR,E2_FOR,,1,2022,,,,,,1.0
InputActivityRatio,NDCINC,ECU,LU_NUNMOR,E2_FOR,,1,2023,,,,,,1.0
InputActivityRatio,NDCINC,ECU,LU_NUNMOR,E2_FOR,,1,2024,,,,,,1.0
InputActivityRatio,NDCINC,ECU,LU_NUNMOR,E2_FOR,,1,2025,,,,,,1.0
InputActivityRatio,NDCINC,ECU,LU_NUNMOR,E2_FOR,,1,2026,,,,,,1.0
InputActivityRatio,NDCINC,ECU,LU_NUNMOR,E2_FOR,,1,2027,,,,,,1.0
InputActivityRatio,NDCINC,ECU,LU_NUNMOR,E2_FOR,,1,2028,,,,,,1.0
InputActivityRatio,NDCINC,ECU,LU_NUNMOR,E2_FOR,,1,2029,,,,,,1.0
InputActivityRatio,NDCINC,ECU,LU_NUNMOR,E2_FOR,,1,2030,,,,,,1.0
InputActivityRatio,NDCINC,ECU,LU_NUNMOR,E2_FOR,,1,2031,,,,,,1.0
InputActivityRatio,NDCINC,ECU,LU_NUNMOR,E2_FOR,,1,2032,,,,,,1.0
InputActivityRatio,NDCINC,ECU,LU_NUNMOR,E2_FOR,,1,2033,,,,,,1.0
InputActivityRatio,NDCINC,ECU,LU_NUNMOR,E2_FOR,,1,2034,,,,,,1.0
InputActivityRatio,NDCINC,ECU,LU_NUNMOR,E2_FOR,,1,2035,,,,,,1.0
InputActivityRatio,NDCINC,ECU,LU_NPRPFO,E2_FOR,,1,2010,,,,,,1.0
InputActivityRatio,NDCINC,ECU,LU_NPRPFO,E2_FOR,,1,2011,,,,,,1.0
InputActivityRatio,NDCINC,ECU,LU_NPRPFO,E2_FOR,,1,2012,,,,,,1.0
InputActivityRatio,NDCINC,ECU,LU_NPRPFO,E2_FOR,,1,2013,,,,,,1.0
InputActivityRatio,NDCINC,ECU,LU_NPRPFO,E2_FOR,,1,2014,,,,,,1.0
InputActivityRatio,NDCINC,ECU,LU_NPRPFO,E2_FOR,,1,2015,,,,,,1.0
InputActivityRatio,NDCINC,ECU,LU_NPRPFO,E2_FOR,,1,2016,,,,,,1.0
InputActivityRatio,NDCINC,ECU,LU_NPRPFO,E2_FOR,,1,2017,,,,,,1.0
InputActivityRatio,NDCINC,ECU,LU_NPRPFO,E2_FOR,,1,2018,,,,,,1.0
InputActivityRatio,NDCINC,ECU,LU_NPRPFO,E2_FOR,,1,2019,,,,,,1.0
InputActivityRatio,NDCINC,ECU,LU_NPRPFO,E2_FOR,,1,2020,,,,,,1.0
InputActivityRatio,NDCINC,ECU,LU_NPRPFO,E2_FOR,,1,2021,,,,,,1.0
InputActivityRatio,NDCINC,ECU,LU_NPRPFO,E2_FOR,,1,2022,,,,,,1.0
InputActivityRatio,NDCINC,ECU,LU_NPRPFO,E2_FOR,,1,2023,,,,,,1.0
InputActivityRatio,NDCINC,ECU,LU_NPRPFO,E2_FOR,,1,2024,,,,,,1.0
InputActivityRatio,NDCINC,ECU,LU_NPRPFO,E2_FOR,,1,2025,,,,,,1.0
InputActivityRatio,NDCINC,ECU,LU_NPRPFO,E2_FOR,,1,2026,,,,,,1.0
InputActivityRatio,NDCINC,ECU,LU_NPRPFO,E2_FOR,,1,2027,,,,,,1.0
InputActivityRatio,NDCINC,ECU,LU_NPRPFO,E2_FOR,,1,2028,,,,,,1.0
InputActivityRatio,NDCINC,ECU,LU_NPRPFO,E2_FOR,,1,2029,,,,,,1.0
InputActivityRatio,NDCINC,ECU,LU_NPRPFO,E2_FOR,,1,2030,,,,,,1.0
InputActivityRatio,NDCINC,ECU,LU_NPRPFO,E2_FOR,,1,2031,,,,,,1.0
InputActivityRatio,NDCINC,ECU,LU_NPRPFO,E2_FOR,,1,2032,,,,,,1.0
InputActivityRatio,NDCINC,ECU,LU_NPRPFO,E2_FOR,,1,2033,,,,,,1.0
InputActivityRatio,NDCINC,ECU,LU_NPRPFO,E2_FOR,,1,2034,,,,,,1.0
InputActivityRatio,NDCINC,ECU,LU_NPRPFO,E2_FOR,,1,2035,,,,,,1.0
InputActivityRatio,NDCINC,ECU,LU_NUNPFO,E2_FOR,,1,2010,,,,,,1.0
InputActivityRatio,NDCINC,ECU,LU_NUNPFO,E2_FOR,,1,2011,,,,,,1.0
InputActivityRatio,NDCINC,ECU,LU_NUNPFO,E2_FOR,,1,2012,,,,,,1.0
InputActivityRatio,NDCINC,ECU,LU_NUNPFO,E2_FOR,,1,2013,,,,,,1.0
InputActivityRatio,NDCINC,ECU,LU_NUNPFO,E2_FOR,,1,2014,,,,,,1.0
InputActivityRatio,NDCINC,ECU,LU_NUNPFO,E2_FOR,,1,2015,,,,,,1.0
InputActivityRatio,NDCINC,ECU,LU_NUNPFO,E2_FOR,,1,2016,,,,,,1.0
InputActivityRatio,NDCINC,ECU,LU_NUNPFO,E2_FOR,,1,2017,,,,,,1.0
InputActivityRatio,NDCINC,ECU,LU_NUNPFO,E2_FOR,,1,2018,,,,,,1.0
InputActivityRatio,NDCINC,ECU,LU_NUNPFO,E2_FOR,,1,2019,,,,,,1.0
InputActivityRatio,NDCINC,ECU,LU_NUNPFO,E2_FOR,,1,2020,,,,,,1.0
InputActivityRatio,NDCINC,ECU,LU_NUNPFO,E2_FOR,,1,2021,,,,,,1.0
InputActivityRatio,NDCINC,ECU,LU_NUNPFO,E2_FOR,,1,2022,,,,,,1.0
InputActivityRatio,NDCINC,ECU,LU_NUNPFO,E2_FOR,,1,2023,,,,,,1.0
InputActivityRatio,NDCINC,ECU,LU_NUNPFO,E2_FOR,,1,2024,,,,,,1.0
InputActivityRatio,NDCINC,ECU,LU_NUNPFO,E2_FOR,,1,2025,,,,,,1.0
InputActivityRatio,NDCINC,ECU,LU_NUNPFO,E2_FOR,,1,2026,,,,,,1.0
InputActivityRatio,NDCINC,ECU,LU_NUNPFO,E2_FOR,,1,2027,,,,,,1.0
InputActivityRatio,NDCINC,ECU,LU_NUNPFO,E2_FOR,,1,2028,,,,,,1.0
InputActivityRatio,NDCINC,ECU,LU_NUNPFO,E2_FOR,,1,2029,,,,,,1.0
InputActivityRatio,NDCINC,ECU,LU_NUNPFO,E2_FOR,,1,2030,,,,,,1.0
InputActivityRatio,NDCINC,ECU,LU_NUNPFO,E2_FOR,,1,2031,,,,,,1.0
InputActivityRatio,NDCINC,ECU,LU_NUNPFO,E2_FOR,,1,2032,,,,,,1.0
InputActivityRatio,NDCINC,ECU,LU_NUNPFO,E2_FOR,,1,2033,,,,,,1.0
InputActivityRatio,NDCINC,ECU,LU_NUNPFO,E2_FOR,,1,2034,,,,,,1.0
InputActivityRatio,NDCINC,ECU,LU_NUNPFO,E2_FOR,,1,2035,,,,,,1.0
InputActivityRatio,NDCINC,ECU,T5ELEAGR,E1ELE,,1,2010,,,,,,1.0
InputActivityRatio,NDCINC,ECU,T5ELEAGR,E1ELE,,1,2011,,,,,,1.0
InputActivityRatio,NDCINC,ECU,T5ELEAGR,E1ELE,,1,2012,,,,,,1.0
InputActivityRatio,NDCINC,ECU,T5ELEAGR,E1ELE,,1,2013,,,,,,1.0
InputActivityRatio,NDCINC,ECU,T5ELEAGR,E1ELE,,1,2014,,,,,,1.0
InputActivityRatio,NDCINC,ECU,T5ELEAGR,E1ELE,,1,2015,,,,,,1.0
InputActivityRatio,NDCINC,ECU,T5ELEAGR,E1ELE,,1,2016,,,,,,1.0
InputActivityRatio,NDCINC,ECU,T5ELEAGR,E1ELE,,1,2017,,,,,,1.0
InputActivityRatio,NDCINC,ECU,T5ELEAGR,E1ELE,,1,2018,,,,,,1.0
InputActivityRatio,NDCINC,ECU,T5ELEAGR,E1ELE,,1,2019,,,,,,1.0
InputActivityRatio,NDCINC,ECU,T5ELEAGR,E1ELE,,1,2020,,,,,,1.0
InputActivityRatio,NDCINC,ECU,T5ELEAGR,E1ELE,,1,2021,,,,,,1.0
InputActivityRatio,NDCINC,ECU,T5ELEAGR,E1ELE,,1,2022,,,,,,1.0
InputActivityRatio,NDCINC,ECU,T5ELEAGR,E1ELE,,1,2023,,,,,,1.0
InputActivityRatio,NDCINC,ECU,T5ELEAGR,E1ELE,,1,2024,,,,,,1.0
InputActivityRatio,NDCINC,ECU,T5ELEAGR,E1ELE,,1,2025,,,,,,1.0
InputActivityRatio,NDCINC,ECU,T5ELEAGR,E1ELE,,1,2026,,,,,,1.0
InputActivityRatio,NDCINC,ECU,T5ELEAGR,E1ELE,,1,2027,,,,,,1.0
InputActivityRatio,NDCINC,ECU,T5ELEAGR,E1ELE,,1,2028,,,,,,1.0
InputActivityRatio,NDCINC,ECU,T5ELEAGR,E1ELE,,1,2029,,,,,,1.0
InputActivityRatio,NDCINC,ECU,T5ELEAGR,E1ELE,,1,2030,,,,,,1.0
InputActivityRatio,NDCINC,ECU,T5ELEAGR,E1ELE,,1,2031,,,,,,1.0
InputActivityRatio,NDCINC,ECU,T5ELEAGR,E1ELE,,1,2032,,,,,,1.0
InputActivityRatio,NDCINC,ECU,T5ELEAGR,E1ELE,,1,2033,,,,,,1.0
InputActivityRatio,NDCINC,ECU,T5ELEAGR,E1ELE,,1,2034,,,,,,1.0
InputActivityRatio,NDCINC,ECU,T5ELEAGR,E1ELE,,1,2035,,,,,,1.0
InputActivityRatio,NDCINC,ECU,T5WETCOB,E2_WET,,1,2010,,,,,,1.0
InputActivityRatio,NDCINC,ECU,T5WETCOB,E2_WET,,1,2011,,,,,,1.0
InputActivityRatio,NDCINC,ECU,T5WETCOB,E2_WET,,1,2012,,,,,,1.0
InputActivityRatio,NDCINC,ECU,T5WETCOB,E2_WET,,1,2013,,,,,,1.0
InputActivityRatio,NDCINC,ECU,T5WETCOB,E2_WET,,1,2014,,,,,,1.0
InputActivityRatio,NDCINC,ECU,T5WETCOB,E2_WET,,1,2015,,,,,,1.0
InputActivityRatio,NDCINC,ECU,T5WETCOB,E2_WET,,1,2016,,,,,,1.0
InputActivityRatio,NDCINC,ECU,T5WETCOB,E2_WET,,1,2017,,,,,,1.0
InputActivityRatio,NDCINC,ECU,T5WETCOB,E2_WET,,1,2018,,,,,,1.0
InputActivityRatio,NDCINC,ECU,T5WETCOB,E2_WET,,1,2019,,,,,,1.0
InputActivityRatio,NDCINC,ECU,T5WETCOB,E2_WET,,1,2020,,,,,,1.0
InputActivityRatio,NDCINC,ECU,T5WETCOB,E2_WET,,1,2021,,,,,,1.0
InputActivityRatio,NDCINC,ECU,T5WETCOB,E2_WET,,1,2022,,,,,,1.0
InputActivityRatio,NDCINC,ECU,T5WETCOB,E2_WET,,1,2023,,,,,,1.0
InputActivityRatio,NDCINC,ECU,T5WETCOB,E2_WET,,1,2024,,,,,,1.0
InputActivityRatio,NDCINC,ECU,T5WETCOB,E2_WET,,1,2025,,,,,,1.0
InputActivityRatio,NDCINC,ECU,T5WETCOB,E2_WET,,1,2026,,,,,,1.0
InputActivityRatio,NDCINC,ECU,T5WETCOB,E2_WET,,1,2027,,,,,,1.0
InputActivityRatio,NDCINC,ECU,T5WETCOB,E2_WET,,1,2028,,,,,,1.0
InputActivityRatio,NDCINC,ECU,T5WETCOB,E2_WET,,1,2029,,,,,,1.0
InputActivityRatio,NDCINC,ECU,T5WETCOB,E2_WET,,1,2030,,,,,,1.0
InputActivityRatio,NDCINC,ECU,T5WETCOB,E2_WET,,1,2031,,,,,,1.0
InputActivityRatio,NDCINC,ECU,T5WETCOB,E2_WET,,1,2032,,,,,,1.0
InputActivityRatio,NDCINC,ECU,T5WETCOB,E2_WET,,1,2033,,,,,,1.0
InputActivityRatio,NDCINC,ECU,T5WETCOB,E2_WET,,1,2034,,,,,,1.0
InputActivityRatio,NDCINC,ECU,T5WETCOB,E2_WET,,1,2035,,,,,,1.0
InputActivityRatio,NDCINC,ECU,T5SETCOB,E2_SET,,1,2010,,,,,,1.0
InputActivityRatio,NDCINC,ECU,T5SETCOB,E2_SET,,1,2011,,,,,,1.0
InputActivityRatio,NDCINC,ECU,T5SETCOB,E2_SET,,1,2012,,,,,,1.0
InputActivityRatio,NDCINC,ECU,T5SETCOB,E2_SET,,1,2013,,,,,,1.0
InputActivityRatio,NDCINC,ECU,T5SETCOB,E2_SET,,1,2014,,,,,,1.0
InputActivityRatio,NDCINC,ECU,T5SETCOB,E2_SET,,1,2015,,,,,,1.0
InputActivityRatio,NDCINC,ECU,T5SETCOB,E2_SET,,1,2016,,,,,,1.0
InputActivityRatio,NDCINC,ECU,T5SETCOB,E2_SET,,1,2017,,,,,,1.0
InputActivityRatio,NDCINC,ECU,T5SETCOB,E2_SET,,1,2018,,,,,,1.0
InputActivityRatio,NDCINC,ECU,T5SETCOB,E2_SET,,1,2019,,,,,,1.0
InputActivityRatio,NDCINC,ECU,T5SETCOB,E2_SET,,1,2020,,,,,,1.0
InputActivityRatio,NDCINC,ECU,T5SETCOB,E2_SET,,1,2021,,,,,,1.0
InputActivityRatio,NDCINC,ECU,T5SETCOB,E2_SET,,1,2022,,,,,,1.0
InputActivityRatio,NDCINC,ECU,T5SETCOB,E2_SET,,1,2023,,,,,,1.0
InputActivityRatio,NDCINC,ECU,T5SETCOB,E2_SET,,1,2024,,,,,,1.0
InputActivityRatio,NDCINC,ECU,T5SETCOB,E2_SET,,1,2025,,,,,,1.0
InputActivityRatio,NDCINC,ECU,T5SETCOB,E2_SET,,1,2026,,,,,,1.0
InputActivityRatio,NDCINC,ECU,T5SETCOB,E2_SET,,1,2027,,,,,,1.0
InputActivityRatio,NDCINC,ECU,T5SETCOB,E2_SET,,1,2028,,,,,,1.0
InputActivityRatio,NDCINC,ECU,T5SETCOB,E2_SET,,1,2029,,,,,,1.0
InputActivityRatio,NDCINC,ECU,T5SETCOB,E2_SET,,1,2030,,,,,,1.0
InputActivityRatio,NDCINC,ECU,T5SETCOB,E2_SET,,1,2031,,,,,,1.0
InputActivityRatio,NDCINC,ECU,T5SETCOB,E2_SET,,1,2032,,,,,,1.0
InputActivityRatio,NDCINC,ECU,T5SETCOB,E2_SET,,1,2033,,,,,,1.0
InputActivityRatio,NDCINC,ECU,T5SETCOB,E2_SET,,1,2034,,,,,,1.0
InputActivityRatio,NDCINC,ECU,T5SETCOB,E2_SET,,1,2035,,,,,,1.0
InputActivityRatio,NDCINC,ECU,T5BURCOB,E1_BUR,,1,2010,,,,,,1.0
InputActivityRatio,NDCINC,ECU,T5BURCOB,E1_BUR,,1,2011,,,,,,1.0
InputActivityRatio,NDCINC,ECU,T5BURCOB,E1_BUR,,1,2012,,,,,,1.0
InputActivityRatio,NDCINC,ECU,T5BURCOB,E1_BUR,,1,2013,,,,,,1.0
InputActivityRatio,NDCINC,ECU,T5BURCOB,E1_BUR,,1,2014,,,,,,1.0
InputActivityRatio,NDCINC,ECU,T5BURCOB,E1_BUR,,1,2015,,,,,,1.0
InputActivityRatio,NDCINC,ECU,T5BURCOB,E1_BUR,,1,2016,,,,,,1.0
InputActivityRatio,NDCINC,ECU,T5BURCOB,E1_BUR,,1,2017,,,,,,1.0
InputActivityRatio,NDCINC,ECU,T5BURCOB,E1_BUR,,1,2018,,,,,,1.0
InputActivityRatio,NDCINC,ECU,T5BURCOB,E1_BUR,,1,2019,,,,,,1.0
InputActivityRatio,NDCINC,ECU,T5BURCOB,E1_BUR,,1,2020,,,,,,1.0
InputActivityRatio,NDCINC,ECU,T5BURCOB,E1_BUR,,1,2021,,,,,,1.0
InputActivityRatio,NDCINC,ECU,T5BURCOB,E1_BUR,,1,2022,,,,,,1.0
InputActivityRatio,NDCINC,ECU,T5BURCOB,E1_BUR,,1,2023,,,,,,1.0
InputActivityRatio,NDCINC,ECU,T5BURCOB,E1_BUR,,1,2024,,,,,,1.0
InputActivityRatio,NDCINC,ECU,T5BURCOB,E1_BUR,,1,2025,,,,,,1.0
InputActivityRatio,NDCINC,ECU,T5BURCOB,E1_BUR,,1,2026,,,,,,1.0
InputActivityRatio,NDCINC,ECU,T5BURCOB,E1_BUR,,1,2027,,,,,,1.0
InputActivityRatio,NDCINC,ECU,T5BURCOB,E1_BUR,,1,2028,,,,,,1.0
InputActivityRatio,NDCINC,ECU,T5BURCOB,E1_BUR,,1,2029,,,,,,1.0
InputActivityRatio,NDCINC,ECU,T5BURCOB,E1_BUR,,1,2030,,,,,,1.0
InputActivityRatio,NDCINC,ECU,T5BURCOB,E1_BUR,,1,2031,,,,,,1.0
InputActivityRatio,NDCINC,ECU,T5BURCOB,E1_BUR,,1,2032,,,,,,1.0
InputActivityRatio,NDCINC,ECU,T5BURCOB,E1_BUR,,1,2033,,,,,,1.0
InputActivityRatio,NDCINC,ECU,T5BURCOB,E1_BUR,,1,2034,,,,,,1.0
InputActivityRatio,NDCINC,ECU,T5BURCOB,E1_BUR,,1,2035,,,,,,1.0
InputActivityRatio,NDCINC,ECU,T5OTLCOB,E2_OTL,,1,2010,,,,,,1.0
InputActivityRatio,NDCINC,ECU,T5OTLCOB,E2_OTL,,1,2011,,,,,,1.0
InputActivityRatio,NDCINC,ECU,T5OTLCOB,E2_OTL,,1,2012,,,,,,1.0
InputActivityRatio,NDCINC,ECU,T5OTLCOB,E2_OTL,,1,2013,,,,,,1.0
InputActivityRatio,NDCINC,ECU,T5OTLCOB,E2_OTL,,1,2014,,,,,,1.0
InputActivityRatio,NDCINC,ECU,T5OTLCOB,E2_OTL,,1,2015,,,,,,1.0
InputActivityRatio,NDCINC,ECU,T5OTLCOB,E2_OTL,,1,2016,,,,,,1.0
InputActivityRatio,NDCINC,ECU,T5OTLCOB,E2_OTL,,1,2017,,,,,,1.0
InputActivityRatio,NDCINC,ECU,T5OTLCOB,E2_OTL,,1,2018,,,,,,1.0
InputActivityRatio,NDCINC,ECU,T5OTLCOB,E2_OTL,,1,2019,,,,,,1.0
InputActivityRatio,NDCINC,ECU,T5OTLCOB,E2_OTL,,1,2020,,,,,,1.0
InputActivityRatio,NDCINC,ECU,T5OTLCOB,E2_OTL,,1,2021,,,,,,1.0
InputActivityRatio,NDCINC,ECU,T5OTLCOB,E2_OTL,,1,2022,,,,,,1.0
InputActivityRatio,NDCINC,ECU,T5OTLCOB,E2_OTL,,1,2023,,,,,,1.0
InputActivityRatio,NDCINC,ECU,T5OTLCOB,E2_OTL,,1,2024,,,,,,1.0
InputActivityRatio,NDCINC,ECU,T5OTLCOB,E2_OTL,,1,2025,,,,,,1.0
InputActivityRatio,NDCINC,ECU,T5OTLCOB,E2_OTL,,1,2026,,,,,,1.0
InputActivityRatio,NDCINC,ECU,T5OTLCOB,E2_OTL,,1,2027,,,,,,1.0
InputActivityRatio,NDCINC,ECU,T5OTLCOB,E2_OTL,,1,2028,,,,,,1.0
InputActivityRatio,NDCINC,ECU,T5OTLCOB,E2_OTL,,1,2029,,,,,,1.0
InputActivityRatio,NDCINC,ECU,T5OTLCOB,E2_OTL,,1,2030,,,,,,1.0
InputActivityRatio,NDCINC,ECU,T5OTLCOB,E2_OTL,,1,2031,,,,,,1.0
InputActivityRatio,NDCINC,ECU,T5OTLCOB,E2_OTL,,1,2032,,,,,,1.0
InputActivityRatio,NDCINC,ECU,T5OTLCOB,E2_OTL,,1,2033,,,,,,1.0
InputActivityRatio,NDCINC,ECU,T5OTLCOB,E2_OTL,,1,2034,,,,,,1.0
InputActivityRatio,NDCINC,ECU,T5OTLCOB,E2_OTL,,1,2035,,,,,,1.0
InputActivityRatio,NDCINC,ECU,T5NPRAND,E3_NPRAND,,1,2010,,,,,,1.0
InputActivityRatio,NDCINC,ECU,T5NPRAND,E3_NPRAND,,1,2011,,,,,,1.0
InputActivityRatio,NDCINC,ECU,T5NPRAND,E3_NPRAND,,1,2012,,,,,,1.0
InputActivityRatio,NDCINC,ECU,T5NPRAND,E3_NPRAND,,1,2013,,,,,,1.0
InputActivityRatio,NDCINC,ECU,T5NPRAND,E3_NPRAND,,1,2014,,,,,,1.0
InputActivityRatio,NDCINC,ECU,T5NPRAND,E3_NPRAND,,1,2015,,,,,,1.0
InputActivityRatio,NDCINC,ECU,T5NPRAND,E3_NPRAND,,1,2016,,,,,,1.0
InputActivityRatio,NDCINC,ECU,T5NPRAND,E3_NPRAND,,1,2017,,,,,,1.0
InputActivityRatio,NDCINC,ECU,T5NPRAND,E3_NPRAND,,1,2018,,,,,,1.0
InputActivityRatio,NDCINC,ECU,T5NPRAND,E3_NPRAND,,1,2019,,,,,,1.0
InputActivityRatio,NDCINC,ECU,T5NPRAND,E3_NPRAND,,1,2020,,,,,,1.0
InputActivityRatio,NDCINC,ECU,T5NPRAND,E3_NPRAND,,1,2021,,,,,,1.0
InputActivityRatio,NDCINC,ECU,T5NPRAND,E3_NPRAND,,1,2022,,,,,,1.0
InputActivityRatio,NDCINC,ECU,T5NPRAND,E3_NPRAND,,1,2023,,,,,,1.0
InputActivityRatio,NDCINC,ECU,T5NPRAND,E3_NPRAND,,1,2024,,,,,,1.0
InputActivityRatio,NDCINC,ECU,T5NPRAND,E3_NPRAND,,1,2025,,,,,,1.0
InputActivityRatio,NDCINC,ECU,T5NPRAND,E3_NPRAND,,1,2026,,,,,,1.0
InputActivityRatio,NDCINC,ECU,T5NPRAND,E3_NPRAND,,1,2027,,,,,,1.0
InputActivityRatio,NDCINC,ECU,T5NPRAND,E3_NPRAND,,1,2028,,,,,,1.0
InputActivityRatio,NDCINC,ECU,T5NPRAND,E3_NPRAND,,1,2029,,,,,,1.0
InputActivityRatio,NDCINC,ECU,T5NPRAND,E3_NPRAND,,1,2030,,,,,,1.0
InputActivityRatio,NDCINC,ECU,T5NPRAND,E3_NPRAND,,1,2031,,,,,,1.0
InputActivityRatio,NDCINC,ECU,T5NPRAND,E3_NPRAND,,1,2032,,,,,,1.0
InputActivityRatio,NDCINC,ECU,T5NPRAND,E3_NPRAND,,1,2033,,,,,,1.0
InputActivityRatio,NDCINC,ECU,T5NPRAND,E3_NPRAND,,1,2034,,,,,,1.0
InputActivityRatio,NDCINC,ECU,T5NPRAND,E3_NPRAND,,1,2035,,,,,,1.0
InputActivityRatio,NDCINC,ECU,T5NUNAND,E3_NUNAND,,1,2010,,,,,,1.0
InputActivityRatio,NDCINC,ECU,T5NUNAND,E3_NUNAND,,1,2011,,,,,,1.0
InputActivityRatio,NDCINC,ECU,T5NUNAND,E3_NUNAND,,1,2012,,,,,,1.0
InputActivityRatio,NDCINC,ECU,T5NUNAND,E3_NUNAND,,1,2013,,,,,,1.0
InputActivityRatio,NDCINC,ECU,T5NUNAND,E3_NUNAND,,1,2014,,,,,,1.0
InputActivityRatio,NDCINC,ECU,T5NUNAND,E3_NUNAND,,1,2015,,,,,,1.0
InputActivityRatio,NDCINC,ECU,T5NUNAND,E3_NUNAND,,1,2016,,,,,,1.0
InputActivityRatio,NDCINC,ECU,T5NUNAND,E3_NUNAND,,1,2017,,,,,,1.0
InputActivityRatio,NDCINC,ECU,T5NUNAND,E3_NUNAND,,1,2018,,,,,,1.0
InputActivityRatio,NDCINC,ECU,T5NUNAND,E3_NUNAND,,1,2019,,,,,,1.0
InputActivityRatio,NDCINC,ECU,T5NUNAND,E3_NUNAND,,1,2020,,,,,,1.0
InputActivityRatio,NDCINC,ECU,T5NUNAND,E3_NUNAND,,1,2021,,,,,,1.0
InputActivityRatio,NDCINC,ECU,T5NUNAND,E3_NUNAND,,1,2022,,,,,,1.0
InputActivityRatio,NDCINC,ECU,T5NUNAND,E3_NUNAND,,1,2023,,,,,,1.0
InputActivityRatio,NDCINC,ECU,T5NUNAND,E3_NUNAND,,1,2024,,,,,,1.0
InputActivityRatio,NDCINC,ECU,T5NUNAND,E3_NUNAND,,1,2025,,,,,,1.0
InputActivityRatio,NDCINC,ECU,T5NUNAND,E3_NUNAND,,1,2026,,,,,,1.0
InputActivityRatio,NDCINC,ECU,T5NUNAND,E3_NUNAND,,1,2027,,,,,,1.0
InputActivityRatio,NDCINC,ECU,T5NUNAND,E3_NUNAND,,1,2028,,,,,,1.0
InputActivityRatio,NDCINC,ECU,T5NUNAND,E3_NUNAND,,1,2029,,,,,,1.0
InputActivityRatio,NDCINC,ECU,T5NUNAND,E3_NUNAND,,1,2030,,,,,,1.0
InputActivityRatio,NDCINC,ECU,T5NUNAND,E3_NUNAND,,1,2031,,,,,,1.0
InputActivityRatio,NDCINC,ECU,T5NUNAND,E3_NUNAND,,1,2032,,,,,,1.0
InputActivityRatio,NDCINC,ECU,T5NUNAND,E3_NUNAND,,1,2033,,,,,,1.0
InputActivityRatio,NDCINC,ECU,T5NUNAND,E3_NUNAND,,1,2034,,,,,,1.0
InputActivityRatio,NDCINC,ECU,T5NUNAND,E3_NUNAND,,1,2035,,,,,,1.0
InputActivityRatio,NDCINC,ECU,T5NPRPLU,E3_NPRPLU,,1,2010,,,,,,1.0
InputActivityRatio,NDCINC,ECU,T5NPRPLU,E3_NPRPLU,,1,2011,,,,,,1.0
InputActivityRatio,NDCINC,ECU,T5NPRPLU,E3_NPRPLU,,1,2012,,,,,,1.0
InputActivityRatio,NDCINC,ECU,T5NPRPLU,E3_NPRPLU,,1,2013,,,,,,1.0
InputActivityRatio,NDCINC,ECU,T5NPRPLU,E3_NPRPLU,,1,2014,,,,,,1.0
InputActivityRatio,NDCINC,ECU,T5NPRPLU,E3_NPRPLU,,1,2015,,,,,,1.0
InputActivityRatio,NDCINC,ECU,T5NPRPLU,E3_NPRPLU,,1,2016,,,,,,1.0
InputActivityRatio,NDCINC,ECU,T5NPRPLU,E3_NPRPLU,,1,2017,,,,,,1.0
InputActivityRatio,NDCINC,ECU,T5NPRPLU,E3_NPRPLU,,1,2018,,,,,,1.0
InputActivityRatio,NDCINC,ECU,T5NPRPLU,E3_NPRPLU,,1,2019,,,,,,1.0
InputActivityRatio,NDCINC,ECU,T5NPRPLU,E3_NPRPLU,,1,2020,,,,,,1.0
InputActivityRatio,NDCINC,ECU,T5NPRPLU,E3_NPRPLU,,1,2021,,,,,,1.0
InputActivityRatio,NDCINC,ECU,T5NPRPLU,E3_NPRPLU,,1,2022,,,,,,1.0
InputActivityRatio,NDCINC,ECU,T5NPRPLU,E3_NPRPLU,,1,2023,,,,,,1.0
InputActivityRatio,NDCINC,ECU,T5NPRPLU,E3_NPRPLU,,1,2024,,,,,,1.0
InputActivityRatio,NDCINC,ECU,T5NPRPLU,E3_NPRPLU,,1,2025,,,,,,1.0
InputActivityRatio,NDCINC,ECU,T5NPRPLU,E3_NPRPLU,,1,2026,,,,,,1.0
InputActivityRatio,NDCINC,ECU,T5NPRPLU,E3_NPRPLU,,1,2027,,,,,,1.0
InputActivityRatio,NDCINC,ECU,T5NPRPLU,E3_NPRPLU,,1,2028,,,,,,1.0
InputActivityRatio,NDCINC,ECU,T5NPRPLU,E3_NPRPLU,,1,2029,,,,,,1.0
InputActivityRatio,NDCINC,ECU,T5NPRPLU,E3_NPRPLU,,1,2030,,,,,,1.0
InputActivityRatio,NDCINC,ECU,T5NPRPLU,E3_NPRPLU,,1,2031,,,,,,1.0
InputActivityRatio,NDCINC,ECU,T5NPRPLU,E3_NPRPLU,,1,2032,,,,,,1.0
InputActivityRatio,NDCINC,ECU,T5NPRPLU,E3_NPRPLU,,1,2033,,,,,,1.0
InputActivityRatio,NDCINC,ECU,T5NPRPLU,E3_NPRPLU,,1,2034,,,,,,1.0
InputActivityRatio,NDCINC,ECU,T5NPRPLU,E3_NPRPLU,,1,2035,,,,,,1.0
InputActivityRatio,NDCINC,ECU,T5NUNPLU,E3_NUNPLU,,1,2010,,,,,,1.0
InputActivityRatio,NDCINC,ECU,T5NUNPLU,E3_NUNPLU,,1,2011,,,,,,1.0
InputActivityRatio,NDCINC,ECU,T5NUNPLU,E3_NUNPLU,,1,2012,,,,,,1.0
InputActivityRatio,NDCINC,ECU,T5NUNPLU,E3_NUNPLU,,1,2013,,,,,,1.0
InputActivityRatio,NDCINC,ECU,T5NUNPLU,E3_NUNPLU,,1,2014,,,,,,1.0
InputActivityRatio,NDCINC,ECU,T5NUNPLU,E3_NUNPLU,,1,2015,,,,,,1.0
InputActivityRatio,NDCINC,ECU,T5NUNPLU,E3_NUNPLU,,1,2016,,,,,,1.0
InputActivityRatio,NDCINC,ECU,T5NUNPLU,E3_NUNPLU,,1,2017,,,,,,1.0
InputActivityRatio,NDCINC,ECU,T5NUNPLU,E3_NUNPLU,,1,2018,,,,,,1.0
InputActivityRatio,NDCINC,ECU,T5NUNPLU,E3_NUNPLU,,1,2019,,,,,,1.0
InputActivityRatio,NDCINC,ECU,T5NUNPLU,E3_NUNPLU,,1,2020,,,,,,1.0
InputActivityRatio,NDCINC,ECU,T5NUNPLU,E3_NUNPLU,,1,2021,,,,,,1.0
InputActivityRatio,NDCINC,ECU,T5NUNPLU,E3_NUNPLU,,1,2022,,,,,,1.0
InputActivityRatio,NDCINC,ECU,T5NUNPLU,E3_NUNPLU,,1,2023,,,,,,1.0
InputActivityRatio,NDCINC,ECU,T5NUNPLU,E3_NUNPLU,,1,2024,,,,,,1.0
InputActivityRatio,NDCINC,ECU,T5NUNPLU,E3_NUNPLU,,1,2025,,,,,,1.0
InputActivityRatio,NDCINC,ECU,T5NUNPLU,E3_NUNPLU,,1,2026,,,,,,1.0
InputActivityRatio,NDCINC,ECU,T5NUNPLU,E3_NUNPLU,,1,2027,,,,,,1.0
InputActivityRatio,NDCINC,ECU,T5NUNPLU,E3_NUNPLU,,1,2028,,,,,,1.0
InputActivityRatio,NDCINC,ECU,T5NUNPLU,E3_NUNPLU,,1,2029,,,,,,1.0
InputActivityRatio,NDCINC,ECU,T5NUNPLU,E3_NUNPLU,,1,2030,,,,,,1.0
InputActivityRatio,NDCINC,ECU,T5NUNPLU,E3_NUNPLU,,1,2031,,,,,,1.0
InputActivityRatio,NDCINC,ECU,T5NUNPLU,E3_NUNPLU,,1,2032,,,,,,1.0
InputActivityRatio,NDCINC,ECU,T5NUNPLU,E3_NUNPLU,,1,2033,,,,,,1.0
InputActivityRatio,NDCINC,ECU,T5NUNPLU,E3_NUNPLU,,1,2034,,,,,,1.0
InputActivityRatio,NDCINC,ECU,T5NUNPLU,E3_NUNPLU,,1,2035,,,,,,1.0
InputActivityRatio,NDCINC,ECU,T5NPRMON,E3_NPRMON,,1,2010,,,,,,1.0
InputActivityRatio,NDCINC,ECU,T5NPRMON,E3_NPRMON,,1,2011,,,,,,1.0
InputActivityRatio,NDCINC,ECU,T5NPRMON,E3_NPRMON,,1,2012,,,,,,1.0
InputActivityRatio,NDCINC,ECU,T5NPRMON,E3_NPRMON,,1,2013,,,,,,1.0
InputActivityRatio,NDCINC,ECU,T5NPRMON,E3_NPRMON,,1,2014,,,,,,1.0
InputActivityRatio,NDCINC,ECU,T5NPRMON,E3_NPRMON,,1,2015,,,,,,1.0
InputActivityRatio,NDCINC,ECU,T5NPRMON,E3_NPRMON,,1,2016,,,,,,1.0
InputActivityRatio,NDCINC,ECU,T5NPRMON,E3_NPRMON,,1,2017,,,,,,1.0
InputActivityRatio,NDCINC,ECU,T5NPRMON,E3_NPRMON,,1,2018,,,,,,1.0
InputActivityRatio,NDCINC,ECU,T5NPRMON,E3_NPRMON,,1,2019,,,,,,1.0
InputActivityRatio,NDCINC,ECU,T5NPRMON,E3_NPRMON,,1,2020,,,,,,1.0
InputActivityRatio,NDCINC,ECU,T5NPRMON,E3_NPRMON,,1,2021,,,,,,1.0
InputActivityRatio,NDCINC,ECU,T5NPRMON,E3_NPRMON,,1,2022,,,,,,1.0
InputActivityRatio,NDCINC,ECU,T5NPRMON,E3_NPRMON,,1,2023,,,,,,1.0
InputActivityRatio,NDCINC,ECU,T5NPRMON,E3_NPRMON,,1,2024,,,,,,1.0
InputActivityRatio,NDCINC,ECU,T5NPRMON,E3_NPRMON,,1,2025,,,,,,1.0
InputActivityRatio,NDCINC,ECU,T5NPRMON,E3_NPRMON,,1,2026,,,,,,1.0
InputActivityRatio,NDCINC,ECU,T5NPRMON,E3_NPRMON,,1,2027,,,,,,1.0
InputActivityRatio,NDCINC,ECU,T5NPRMON,E3_NPRMON,,1,2028,,,,,,1.0
InputActivityRatio,NDCINC,ECU,T5NPRMON,E3_NPRMON,,1,2029,,,,,,1.0
InputActivityRatio,NDCINC,ECU,T5NPRMON,E3_NPRMON,,1,2030,,,,,,1.0
InputActivityRatio,NDCINC,ECU,T5NPRMON,E3_NPRMON,,1,2031,,,,,,1.0
InputActivityRatio,NDCINC,ECU,T5NPRMON,E3_NPRMON,,1,2032,,,,,,1.0
InputActivityRatio,NDCINC,ECU,T5NPRMON,E3_NPRMON,,1,2033,,,,,,1.0
InputActivityRatio,NDCINC,ECU,T5NPRMON,E3_NPRMON,,1,2034,,,,,,1.0
InputActivityRatio,NDCINC,ECU,T5NPRMON,E3_NPRMON,,1,2035,,,,,,1.0
InputActivityRatio,NDCINC,ECU,T5NUNMON,E3_NUNMON,,1,2010,,,,,,1.0
InputActivityRatio,NDCINC,ECU,T5NUNMON,E3_NUNMON,,1,2011,,,,,,1.0
InputActivityRatio,NDCINC,ECU,T5NUNMON,E3_NUNMON,,1,2012,,,,,,1.0
InputActivityRatio,NDCINC,ECU,T5NUNMON,E3_NUNMON,,1,2013,,,,,,1.0
InputActivityRatio,NDCINC,ECU,T5NUNMON,E3_NUNMON,,1,2014,,,,,,1.0
InputActivityRatio,NDCINC,ECU,T5NUNMON,E3_NUNMON,,1,2015,,,,,,1.0
InputActivityRatio,NDCINC,ECU,T5NUNMON,E3_NUNMON,,1,2016,,,,,,1.0
InputActivityRatio,NDCINC,ECU,T5NUNMON,E3_NUNMON,,1,2017,,,,,,1.0
InputActivityRatio,NDCINC,ECU,T5NUNMON,E3_NUNMON,,1,2018,,,,,,1.0
InputActivityRatio,NDCINC,ECU,T5NUNMON,E3_NUNMON,,1,2019,,,,,,1.0
InputActivityRatio,NDCINC,ECU,T5NUNMON,E3_NUNMON,,1,2020,,,,,,1.0
InputActivityRatio,NDCINC,ECU,T5NUNMON,E3_NUNMON,,1,2021,,,,,,1.0
InputActivityRatio,NDCINC,ECU,T5NUNMON,E3_NUNMON,,1,2022,,,,,,1.0
InputActivityRatio,NDCINC,ECU,T5NUNMON,E3_NUNMON,,1,2023,,,,,,1.0
InputActivityRatio,NDCINC,ECU,T5NUNMON,E3_NUNMON,,1,2024,,,,,,1.0
InputActivityRatio,NDCINC,ECU,T5NUNMON,E3_NUNMON,,1,2025,,,,,,1.0
InputActivityRatio,NDCINC,ECU,T5NUNMON,E3_NUNMON,,1,2026,,,,,,1.0
InputActivityRatio,NDCINC,ECU,T5NUNMON,E3_NUNMON,,1,2027,,,,,,1.0
InputActivityRatio,NDCINC,ECU,T5NUNMON,E3_NUNMON,,1,2028,,,,,,1.0
InputActivityRatio,NDCINC,ECU,T5NUNMON,E3_NUNMON,,1,2029,,,,,,1.0
InputActivityRatio,NDCINC,ECU,T5NUNMON,E3_NUNMON,,1,2030,,,,,,1.0
InputActivityRatio,NDCINC,ECU,T5NUNMON,E3_NUNMON,,1,2031,,,,,,1.0
InputActivityRatio,NDCINC,ECU,T5NUNMON,E3_NUNMON,,1,2032,,,,,,1.0
InputActivityRatio,NDCINC,ECU,T5NUNMON,E3_NUNMON,,1,2033,,,,,,1.0
InputActivityRatio,NDCINC,ECU,T5NUNMON,E3_NUNMON,,1,2034,,,,,,1.0
InputActivityRatio,NDCINC,ECU,T5NUNMON,E3_NUNMON,,1,2035,,,,,,1.0
InputActivityRatio,NDCINC,ECU,T5NPRPIE,E3_NPRPIE,,1,2010,,,,,,1.0
InputActivityRatio,NDCINC,ECU,T5NPRPIE,E3_NPRPIE,,1,2011,,,,,,1.0
InputActivityRatio,NDCINC,ECU,T5NPRPIE,E3_NPRPIE,,1,2012,,,,,,1.0
InputActivityRatio,NDCINC,ECU,T5NPRPIE,E3_NPRPIE,,1,2013,,,,,,1.0
InputActivityRatio,NDCINC,ECU,T5NPRPIE,E3_NPRPIE,,1,2014,,,,,,1.0
InputActivityRatio,NDCINC,ECU,T5NPRPIE,E3_NPRPIE,,1,2015,,,,,,1.0
InputActivityRatio,NDCINC,ECU,T5NPRPIE,E3_NPRPIE,,1,2016,,,,,,1.0
InputActivityRatio,NDCINC,ECU,T5NPRPIE,E3_NPRPIE,,1,2017,,,,,,1.0
InputActivityRatio,NDCINC,ECU,T5NPRPIE,E3_NPRPIE,,1,2018,,,,,,1.0
InputActivityRatio,NDCINC,ECU,T5NPRPIE,E3_NPRPIE,,1,2019,,,,,,1.0
InputActivityRatio,NDCINC,ECU,T5NPRPIE,E3_NPRPIE,,1,2020,,,,,,1.0
InputActivityRatio,NDCINC,ECU,T5NPRPIE,E3_NPRPIE,,1,2021,,,,,,1.0
InputActivityRatio,NDCINC,ECU,T5NPRPIE,E3_NPRPIE,,1,2022,,,,,,1.0
InputActivityRatio,NDCINC,ECU,T5NPRPIE,E3_NPRPIE,,1,2023,,,,,,1.0
InputActivityRatio,NDCINC,ECU,T5NPRPIE,E3_NPRPIE,,1,2024,,,,,,1.0
InputActivityRatio,NDCINC,ECU,T5NPRPIE,E3_NPRPIE,,1,2025,,,,,,1.0
InputActivityRatio,NDCINC,ECU,T5NPRPIE,E3_NPRPIE,,1,2026,,,,,,1.0
InputActivityRatio,NDCINC,ECU,T5NPRPIE,E3_NPRPIE,,1,2027,,,,,,1.0
InputActivityRatio,NDCINC,ECU,T5NPRPIE,E3_NPRPIE,,1,2028,,,,,,1.0
InputActivityRatio,NDCINC,ECU,T5NPRPIE,E3_NPRPIE,,1,2029,,,,,,1.0
InputActivityRatio,NDCINC,ECU,T5NPRPIE,E3_NPRPIE,,1,2030,,,,,,1.0
InputActivityRatio,NDCINC,ECU,T5NPRPIE,E3_NPRPIE,,1,2031,,,,,,1.0
InputActivityRatio,NDCINC,ECU,T5NPRPIE,E3_NPRPIE,,1,2032,,,,,,1.0
InputActivityRatio,NDCINC,ECU,T5NPRPIE,E3_NPRPIE,,1,2033,,,,,,1.0
InputActivityRatio,NDCINC,ECU,T5NPRPIE,E3_NPRPIE,,1,2034,,,,,,1.0
InputActivityRatio,NDCINC,ECU,T5NPRPIE,E3_NPRPIE,,1,2035,,,,,,1.0
InputActivityRatio,NDCINC,ECU,T5NUNPIE,E3_NUNPIE,,1,2010,,,,,,1.0
InputActivityRatio,NDCINC,ECU,T5NUNPIE,E3_NUNPIE,,1,2011,,,,,,1.0
InputActivityRatio,NDCINC,ECU,T5NUNPIE,E3_NUNPIE,,1,2012,,,,,,1.0
InputActivityRatio,NDCINC,ECU,T5NUNPIE,E3_NUNPIE,,1,2013,,,,,,1.0
InputActivityRatio,NDCINC,ECU,T5NUNPIE,E3_NUNPIE,,1,2014,,,,,,1.0
InputActivityRatio,NDCINC,ECU,T5NUNPIE,E3_NUNPIE,,1,2015,,,,,,1.0
InputActivityRatio,NDCINC,ECU,T5NUNPIE,E3_NUNPIE,,1,2016,,,,,,1.0
InputActivityRatio,NDCINC,ECU,T5NUNPIE,E3_NUNPIE,,1,2017,,,,,,1.0
InputActivityRatio,NDCINC,ECU,T5NUNPIE,E3_NUNPIE,,1,2018,,,,,,1.0
InputActivityRatio,NDCINC,ECU,T5NUNPIE,E3_NUNPIE,,1,2019,,,,,,1.0
InputActivityRatio,NDCINC,ECU,T5NUNPIE,E3_NUNPIE,,1,2020,,,,,,1.0
InputActivityRatio,NDCINC,ECU,T5NUNPIE,E3_NUNPIE,,1,2021,,,,,,1.0
InputActivityRatio,NDCINC,ECU,T5NUNPIE,E3_NUNPIE,,1,2022,,,,,,1.0
InputActivityRatio,NDCINC,ECU,T5NUNPIE,E3_NUNPIE,,1,2023,,,,,,1.0
InputActivityRatio,NDCINC,ECU,T5NUNPIE,E3_NUNPIE,,1,2024,,,,,,1.0
InputActivityRatio,NDCINC,ECU,T5NUNPIE,E3_NUNPIE,,1,2025,,,,,,1.0
InputActivityRatio,NDCINC,ECU,T5NUNPIE,E3_NUNPIE,,1,2026,,,,,,1.0
InputActivityRatio,NDCINC,ECU,T5NUNPIE,E3_NUNPIE,,1,2027,,,,,,1.0
InputActivityRatio,NDCINC,ECU,T5NUNPIE,E3_NUNPIE,,1,2028,,,,,,1.0
InputActivityRatio,NDCINC,ECU,T5NUNPIE,E3_NUNPIE,,1,2029,,,,,,1.0
InputActivityRatio,NDCINC,ECU,T5NUNPIE,E3_NUNPIE,,1,2030,,,,,,1.0
InputActivityRatio,NDCINC,ECU,T5NUNPIE,E3_NUNPIE,,1,2031,,,,,,1.0
InputActivityRatio,NDCINC,ECU,T5NUNPIE,E3_NUNPIE,,1,2032,,,,,,1.0
InputActivityRatio,NDCINC,ECU,T5NUNPIE,E3_NUNPIE,,1,2033,,,,,,1.0
InputActivityRatio,NDCINC,ECU,T5NUNPIE,E3_NUNPIE,,1,2034,,,,,,1.0
InputActivityRatio,NDCINC,ECU,T5NUNPIE,E3_NUNPIE,,1,2035,,,,,,1.0
InputActivityRatio,NDCINC,ECU,T5NPRCEJ,E3_NPRCEJ,,1,2010,,,,,,1.0
InputActivityRatio,NDCINC,ECU,T5NPRCEJ,E3_NPRCEJ,,1,2011,,,,,,1.0
InputActivityRatio,NDCINC,ECU,T5NPRCEJ,E3_NPRCEJ,,1,2012,,,,,,1.0
InputActivityRatio,NDCINC,ECU,T5NPRCEJ,E3_NPRCEJ,,1,2013,,,,,,1.0
InputActivityRatio,NDCINC,ECU,T5NPRCEJ,E3_NPRCEJ,,1,2014,,,,,,1.0
InputActivityRatio,NDCINC,ECU,T5NPRCEJ,E3_NPRCEJ,,1,2015,,,,,,1.0
InputActivityRatio,NDCINC,ECU,T5NPRCEJ,E3_NPRCEJ,,1,2016,,,,,,1.0
InputActivityRatio,NDCINC,ECU,T5NPRCEJ,E3_NPRCEJ,,1,2017,,,,,,1.0
InputActivityRatio,NDCINC,ECU,T5NPRCEJ,E3_NPRCEJ,,1,2018,,,,,,1.0
InputActivityRatio,NDCINC,ECU,T5NPRCEJ,E3_NPRCEJ,,1,2019,,,,,,1.0
InputActivityRatio,NDCINC,ECU,T5NPRCEJ,E3_NPRCEJ,,1,2020,,,,,,1.0
InputActivityRatio,NDCINC,ECU,T5NPRCEJ,E3_NPRCEJ,,1,2021,,,,,,1.0
InputActivityRatio,NDCINC,ECU,T5NPRCEJ,E3_NPRCEJ,,1,2022,,,,,,1.0
InputActivityRatio,NDCINC,ECU,T5NPRCEJ,E3_NPRCEJ,,1,2023,,,,,,1.0
InputActivityRatio,NDCINC,ECU,T5NPRCEJ,E3_NPRCEJ,,1,2024,,,,,,1.0
InputActivityRatio,NDCINC,ECU,T5NPRCEJ,E3_NPRCEJ,,1,2025,,,,,,1.0
InputActivityRatio,NDCINC,ECU,T5NPRCEJ,E3_NPRCEJ,,1,2026,,,,,,1.0
InputActivityRatio,NDCINC,ECU,T5NPRCEJ,E3_NPRCEJ,,1,2027,,,,,,1.0
InputActivityRatio,NDCINC,ECU,T5NPRCEJ,E3_NPRCEJ,,1,2028,,,,,,1.0
InputActivityRatio,NDCINC,ECU,T5NPRCEJ,E3_NPRCEJ,,1,2029,,,,,,1.0
InputActivityRatio,NDCINC,ECU,T5NPRCEJ,E3_NPRCEJ,,1,2030,,,,,,1.0
InputActivityRatio,NDCINC,ECU,T5NPRCEJ,E3_NPRCEJ,,1,2031,,,,,,1.0
InputActivityRatio,NDCINC,ECU,T5NPRCEJ,E3_NPRCEJ,,1,2032,,,,,,1.0
InputActivityRatio,NDCINC,ECU,T5NPRCEJ,E3_NPRCEJ,,1,2033,,,,,,1.0
InputActivityRatio,NDCINC,ECU,T5NPRCEJ,E3_NPRCEJ,,1,2034,,,,,,1.0
InputActivityRatio,NDCINC,ECU,T5NPRCEJ,E3_NPRCEJ,,1,2035,,,,,,1.0
InputActivityRatio,NDCINC,ECU,T5NUNCEJ,E3_NUNCEJ,,1,2010,,,,,,1.0
InputActivityRatio,NDCINC,ECU,T5NUNCEJ,E3_NUNCEJ,,1,2011,,,,,,1.0
InputActivityRatio,NDCINC,ECU,T5NUNCEJ,E3_NUNCEJ,,1,2012,,,,,,1.0
InputActivityRatio,NDCINC,ECU,T5NUNCEJ,E3_NUNCEJ,,1,2013,,,,,,1.0
InputActivityRatio,NDCINC,ECU,T5NUNCEJ,E3_NUNCEJ,,1,2014,,,,,,1.0
InputActivityRatio,NDCINC,ECU,T5NUNCEJ,E3_NUNCEJ,,1,2015,,,,,,1.0
InputActivityRatio,NDCINC,ECU,T5NUNCEJ,E3_NUNCEJ,,1,2016,,,,,,1.0
InputActivityRatio,NDCINC,ECU,T5NUNCEJ,E3_NUNCEJ,,1,2017,,,,,,1.0
InputActivityRatio,NDCINC,ECU,T5NUNCEJ,E3_NUNCEJ,,1,2018,,,,,,1.0
InputActivityRatio,NDCINC,ECU,T5NUNCEJ,E3_NUNCEJ,,1,2019,,,,,,1.0
InputActivityRatio,NDCINC,ECU,T5NUNCEJ,E3_NUNCEJ,,1,2020,,,,,,1.0
InputActivityRatio,NDCINC,ECU,T5NUNCEJ,E3_NUNCEJ,,1,2021,,,,,,1.0
InputActivityRatio,NDCINC,ECU,T5NUNCEJ,E3_NUNCEJ,,1,2022,,,,,,1.0
InputActivityRatio,NDCINC,ECU,T5NUNCEJ,E3_NUNCEJ,,1,2023,,,,,,1.0
InputActivityRatio,NDCINC,ECU,T5NUNCEJ,E3_NUNCEJ,,1,2024,,,,,,1.0
InputActivityRatio,NDCINC,ECU,T5NUNCEJ,E3_NUNCEJ,,1,2025,,,,,,1.0
InputActivityRatio,NDCINC,ECU,T5NUNCEJ,E3_NUNCEJ,,1,2026,,,,,,1.0
InputActivityRatio,NDCINC,ECU,T5NUNCEJ,E3_NUNCEJ,,1,2027,,,,,,1.0
InputActivityRatio,NDCINC,ECU,T5NUNCEJ,E3_NUNCEJ,,1,2028,,,,,,1.0
InputActivityRatio,NDCINC,ECU,T5NUNCEJ,E3_NUNCEJ,,1,2029,,,,,,1.0
InputActivityRatio,NDCINC,ECU,T5NUNCEJ,E3_NUNCEJ,,1,2030,,,,,,1.0
InputActivityRatio,NDCINC,ECU,T5NUNCEJ,E3_NUNCEJ,,1,2031,,,,,,1.0
InputActivityRatio,NDCINC,ECU,T5NUNCEJ,E3_NUNCEJ,,1,2032,,,,,,1.0
InputActivityRatio,NDCINC,ECU,T5NUNCEJ,E3_NUNCEJ,,1,2033,,,,,,1.0
InputActivityRatio,NDCINC,ECU,T5NUNCEJ,E3_NUNCEJ,,1,2034,,,,,,1.0
InputActivityRatio,NDCINC,ECU,T5NUNCEJ,E3_NUNCEJ,,1,2035,,,,,,1.0
InputActivityRatio,NDCINC,ECU,T5NPRAMA,E3_NPRAMA,,1,2010,,,,,,1.0
InputActivityRatio,NDCINC,ECU,T5NPRAMA,E3_NPRAMA,,1,2011,,,,,,1.0
InputActivityRatio,NDCINC,ECU,T5NPRAMA,E3_NPRAMA,,1,2012,,,,,,1.0
InputActivityRatio,NDCINC,ECU,T5NPRAMA,E3_NPRAMA,,1,2013,,,,,,1.0
InputActivityRatio,NDCINC,ECU,T5NPRAMA,E3_NPRAMA,,1,2014,,,,,,1.0
InputActivityRatio,NDCINC,ECU,T5NPRAMA,E3_NPRAMA,,1,2015,,,,,,1.0
InputActivityRatio,NDCINC,ECU,T5NPRAMA,E3_NPRAMA,,1,2016,,,,,,1.0
InputActivityRatio,NDCINC,ECU,T5NPRAMA,E3_NPRAMA,,1,2017,,,,,,1.0
InputActivityRatio,NDCINC,ECU,T5NPRAMA,E3_NPRAMA,,1,2018,,,,,,1.0
InputActivityRatio,NDCINC,ECU,T5NPRAMA,E3_NPRAMA,,1,2019,,,,,,1.0
InputActivityRatio,NDCINC,ECU,T5NPRAMA,E3_NPRAMA,,1,2020,,,,,,1.0
InputActivityRatio,NDCINC,ECU,T5NPRAMA,E3_NPRAMA,,1,2021,,,,,,1.0
InputActivityRatio,NDCINC,ECU,T5NPRAMA,E3_NPRAMA,,1,2022,,,,,,1.0
InputActivityRatio,NDCINC,ECU,T5NPRAMA,E3_NPRAMA,,1,2023,,,,,,1.0
InputActivityRatio,NDCINC,ECU,T5NPRAMA,E3_NPRAMA,,1,2024,,,,,,1.0
InputActivityRatio,NDCINC,ECU,T5NPRAMA,E3_NPRAMA,,1,2025,,,,,,1.0
InputActivityRatio,NDCINC,ECU,T5NPRAMA,E3_NPRAMA,,1,2026,,,,,,1.0
InputActivityRatio,NDCINC,ECU,T5NPRAMA,E3_NPRAMA,,1,2027,,,,,,1.0
InputActivityRatio,NDCINC,ECU,T5NPRAMA,E3_NPRAMA,,1,2028,,,,,,1.0
InputActivityRatio,NDCINC,ECU,T5NPRAMA,E3_NPRAMA,,1,2029,,,,,,1.0
InputActivityRatio,NDCINC,ECU,T5NPRAMA,E3_NPRAMA,,1,2030,,,,,,1.0
InputActivityRatio,NDCINC,ECU,T5NPRAMA,E3_NPRAMA,,1,2031,,,,,,1.0
InputActivityRatio,NDCINC,ECU,T5NPRAMA,E3_NPRAMA,,1,2032,,,,,,1.0
InputActivityRatio,NDCINC,ECU,T5NPRAMA,E3_NPRAMA,,1,2033,,,,,,1.0
InputActivityRatio,NDCINC,ECU,T5NPRAMA,E3_NPRAMA,,1,2034,,,,,,1.0
InputActivityRatio,NDCINC,ECU,T5NPRAMA,E3_NPRAMA,,1,2035,,,,,,1.0
InputActivityRatio,NDCINC,ECU,T5NUNAMA,E3_NUNAMA,,1,2010,,,,,,1.0
InputActivityRatio,NDCINC,ECU,T5NUNAMA,E3_NUNAMA,,1,2011,,,,,,1.0
InputActivityRatio,NDCINC,ECU,T5NUNAMA,E3_NUNAMA,,1,2012,,,,,,1.0
InputActivityRatio,NDCINC,ECU,T5NUNAMA,E3_NUNAMA,,1,2013,,,,,,1.0
InputActivityRatio,NDCINC,ECU,T5NUNAMA,E3_NUNAMA,,1,2014,,,,,,1.0
InputActivityRatio,NDCINC,ECU,T5NUNAMA,E3_NUNAMA,,1,2015,,,,,,1.0
InputActivityRatio,NDCINC,ECU,T5NUNAMA,E3_NUNAMA,,1,2016,,,,,,1.0
InputActivityRatio,NDCINC,ECU,T5NUNAMA,E3_NUNAMA,,1,2017,,,,,,1.0
InputActivityRatio,NDCINC,ECU,T5NUNAMA,E3_NUNAMA,,1,2018,,,,,,1.0
InputActivityRatio,NDCINC,ECU,T5NUNAMA,E3_NUNAMA,,1,2019,,,,,,1.0
InputActivityRatio,NDCINC,ECU,T5NUNAMA,E3_NUNAMA,,1,2020,,,,,,1.0
InputActivityRatio,NDCINC,ECU,T5NUNAMA,E3_NUNAMA,,1,2021,,,,,,1.0
InputActivityRatio,NDCINC,ECU,T5NUNAMA,E3_NUNAMA,,1,2022,,,,,,1.0
InputActivityRatio,NDCINC,ECU,T5NUNAMA,E3_NUNAMA,,1,2023,,,,,,1.0
InputActivityRatio,NDCINC,ECU,T5NUNAMA,E3_NUNAMA,,1,2024,,,,,,1.0
InputActivityRatio,NDCINC,ECU,T5NUNAMA,E3_NUNAMA,,1,2025,,,,,,1.0
InputActivityRatio,NDCINC,ECU,T5NUNAMA,E3_NUNAMA,,1,2026,,,,,,1.0
InputActivityRatio,NDCINC,ECU,T5NUNAMA,E3_NUNAMA,,1,2027,,,,,,1.0
InputActivityRatio,NDCINC,ECU,T5NUNAMA,E3_NUNAMA,,1,2028,,,,,,1.0
InputActivityRatio,NDCINC,ECU,T5NUNAMA,E3_NUNAMA,,1,2029,,,,,,1.0
InputActivityRatio,NDCINC,ECU,T5NUNAMA,E3_NUNAMA,,1,2030,,,,,,1.0
InputActivityRatio,NDCINC,ECU,T5NUNAMA,E3_NUNAMA,,1,2031,,,,,,1.0
InputActivityRatio,NDCINC,ECU,T5NUNAMA,E3_NUNAMA,,1,2032,,,,,,1.0
InputActivityRatio,NDCINC,ECU,T5NUNAMA,E3_NUNAMA,,1,2033,,,,,,1.0
InputActivityRatio,NDCINC,ECU,T5NUNAMA,E3_NUNAMA,,1,2034,,,,,,1.0
InputActivityRatio,NDCINC,ECU,T5NUNAMA,E3_NUNAMA,,1,2035,,,,,,1.0
InputActivityRatio,NDCINC,ECU,T5NPRCHO,E3_NPRCHO,,1,2010,,,,,,1.0
InputActivityRatio,NDCINC,ECU,T5NPRCHO,E3_NPRCHO,,1,2011,,,,,,1.0
InputActivityRatio,NDCINC,ECU,T5NPRCHO,E3_NPRCHO,,1,2012,,,,,,1.0
InputActivityRatio,NDCINC,ECU,T5NPRCHO,E3_NPRCHO,,1,2013,,,,,,1.0
InputActivityRatio,NDCINC,ECU,T5NPRCHO,E3_NPRCHO,,1,2014,,,,,,1.0
InputActivityRatio,NDCINC,ECU,T5NPRCHO,E3_NPRCHO,,1,2015,,,,,,1.0
InputActivityRatio,NDCINC,ECU,T5NPRCHO,E3_NPRCHO,,1,2016,,,,,,1.0
InputActivityRatio,NDCINC,ECU,T5NPRCHO,E3_NPRCHO,,1,2017,,,,,,1.0
InputActivityRatio,NDCINC,ECU,T5NPRCHO,E3_NPRCHO,,1,2018,,,,,,1.0
InputActivityRatio,NDCINC,ECU,T5NPRCHO,E3_NPRCHO,,1,2019,,,,,,1.0
InputActivityRatio,NDCINC,ECU,T5NPRCHO,E3_NPRCHO,,1,2020,,,,,,1.0
InputActivityRatio,NDCINC,ECU,T5NPRCHO,E3_NPRCHO,,1,2021,,,,,,1.0
InputActivityRatio,NDCINC,ECU,T5NPRCHO,E3_NPRCHO,,1,2022,,,,,,1.0
InputActivityRatio,NDCINC,ECU,T5NPRCHO,E3_NPRCHO,,1,2023,,,,,,1.0
InputActivityRatio,NDCINC,ECU,T5NPRCHO,E3_NPRCHO,,1,2024,,,,,,1.0
InputActivityRatio,NDCINC,ECU,T5NPRCHO,E3_NPRCHO,,1,2025,,,,,,1.0
InputActivityRatio,NDCINC,ECU,T5NPRCHO,E3_NPRCHO,,1,2026,,,,,,1.0
InputActivityRatio,NDCINC,ECU,T5NPRCHO,E3_NPRCHO,,1,2027,,,,,,1.0
InputActivityRatio,NDCINC,ECU,T5NPRCHO,E3_NPRCHO,,1,2028,,,,,,1.0
InputActivityRatio,NDCINC,ECU,T5NPRCHO,E3_NPRCHO,,1,2029,,,,,,1.0
InputActivityRatio,NDCINC,ECU,T5NPRCHO,E3_NPRCHO,,1,2030,,,,,,1.0
InputActivityRatio,NDCINC,ECU,T5NPRCHO,E3_NPRCHO,,1,2031,,,,,,1.0
InputActivityRatio,NDCINC,ECU,T5NPRCHO,E3_NPRCHO,,1,2032,,,,,,1.0
InputActivityRatio,NDCINC,ECU,T5NPRCHO,E3_NPRCHO,,1,2033,,,,,,1.0
InputActivityRatio,NDCINC,ECU,T5NPRCHO,E3_NPRCHO,,1,2034,,,,,,1.0
InputActivityRatio,NDCINC,ECU,T5NPRCHO,E3_NPRCHO,,1,2035,,,,,,1.0
InputActivityRatio,NDCINC,ECU,T5NUNCHO,E3_NUNCHO,,1,2010,,,,,,1.0
InputActivityRatio,NDCINC,ECU,T5NUNCHO,E3_NUNCHO,,1,2011,,,,,,1.0
InputActivityRatio,NDCINC,ECU,T5NUNCHO,E3_NUNCHO,,1,2012,,,,,,1.0
InputActivityRatio,NDCINC,ECU,T5NUNCHO,E3_NUNCHO,,1,2013,,,,,,1.0
InputActivityRatio,NDCINC,ECU,T5NUNCHO,E3_NUNCHO,,1,2014,,,,,,1.0
InputActivityRatio,NDCINC,ECU,T5NUNCHO,E3_NUNCHO,,1,2015,,,,,,1.0
InputActivityRatio,NDCINC,ECU,T5NUNCHO,E3_NUNCHO,,1,2016,,,,,,1.0
InputActivityRatio,NDCINC,ECU,T5NUNCHO,E3_NUNCHO,,1,2017,,,,,,1.0
InputActivityRatio,NDCINC,ECU,T5NUNCHO,E3_NUNCHO,,1,2018,,,,,,1.0
InputActivityRatio,NDCINC,ECU,T5NUNCHO,E3_NUNCHO,,1,2019,,,,,,1.0
InputActivityRatio,NDCINC,ECU,T5NUNCHO,E3_NUNCHO,,1,2020,,,,,,1.0
InputActivityRatio,NDCINC,ECU,T5NUNCHO,E3_NUNCHO,,1,2021,,,,,,1.0
InputActivityRatio,NDCINC,ECU,T5NUNCHO,E3_NUNCHO,,1,2022,,,,,,1.0
InputActivityRatio,NDCINC,ECU,T5NUNCHO,E3_NUNCHO,,1,2023,,,,,,1.0
InputActivityRatio,NDCINC,ECU,T5NUNCHO,E3_NUNCHO,,1,2024,,,,,,1.0
InputActivityRatio,NDCINC,ECU,T5NUNCHO,E3_NUNCHO,,1,2025,,,,,,1.0
InputActivityRatio,NDCINC,ECU,T5NUNCHO,E3_NUNCHO,,1,2026,,,,,,1.0
InputActivityRatio,NDCINC,ECU,T5NUNCHO,E3_NUNCHO,,1,2027,,,,,,1.0
InputActivityRatio,NDCINC,ECU,T5NUNCHO,E3_NUNCHO,,1,2028,,,,,,1.0
InputActivityRatio,NDCINC,ECU,T5NUNCHO,E3_NUNCHO,,1,2029,,,,,,1.0
InputActivityRatio,NDCINC,ECU,T5NUNCHO,E3_NUNCHO,,1,2030,,,,,,1.0
InputActivityRatio,NDCINC,ECU,T5NUNCHO,E3_NUNCHO,,1,2031,,,,,,1.0
InputActivityRatio,NDCINC,ECU,T5NUNCHO,E3_NUNCHO,,1,2032,,,,,,1.0
InputActivityRatio,NDCINC,ECU,T5NUNCHO,E3_NUNCHO,,1,2033,,,,,,1.0
InputActivityRatio,NDCINC,ECU,T5NUNCHO,E3_NUNCHO,,1,2034,,,,,,1.0
InputActivityRatio,NDCINC,ECU,T5NUNCHO,E3_NUNCHO,,1,2035,,,,,,1.0
InputActivityRatio,NDCINC,ECU,T5RARBOS,E3_RAR,,1,2010,,,,,,1.0
InputActivityRatio,NDCINC,ECU,T5RARBOS,E3_RAR,,1,2011,,,,,,1.0
InputActivityRatio,NDCINC,ECU,T5RARBOS,E3_RAR,,1,2012,,,,,,1.0
InputActivityRatio,NDCINC,ECU,T5RARBOS,E3_RAR,,1,2013,,,,,,1.0
InputActivityRatio,NDCINC,ECU,T5RARBOS,E3_RAR,,1,2014,,,,,,1.0
InputActivityRatio,NDCINC,ECU,T5RARBOS,E3_RAR,,1,2015,,,,,,1.0
InputActivityRatio,NDCINC,ECU,T5RARBOS,E3_RAR,,1,2016,,,,,,1.0
InputActivityRatio,NDCINC,ECU,T5RARBOS,E3_RAR,,1,2017,,,,,,1.0
InputActivityRatio,NDCINC,ECU,T5RARBOS,E3_RAR,,1,2018,,,,,,1.0
InputActivityRatio,NDCINC,ECU,T5RARBOS,E3_RAR,,1,2019,,,,,,1.0
InputActivityRatio,NDCINC,ECU,T5RARBOS,E3_RAR,,1,2020,,,,,,1.0
InputActivityRatio,NDCINC,ECU,T5RARBOS,E3_RAR,,1,2021,,,,,,1.0
InputActivityRatio,NDCINC,ECU,T5RARBOS,E3_RAR,,1,2022,,,,,,1.0
InputActivityRatio,NDCINC,ECU,T5RARBOS,E3_RAR,,1,2023,,,,,,1.0
InputActivityRatio,NDCINC,ECU,T5RARBOS,E3_RAR,,1,2024,,,,,,1.0
InputActivityRatio,NDCINC,ECU,T5RARBOS,E3_RAR,,1,2025,,,,,,1.0
InputActivityRatio,NDCINC,ECU,T5RARBOS,E3_RAR,,1,2026,,,,,,1.0
InputActivityRatio,NDCINC,ECU,T5RARBOS,E3_RAR,,1,2027,,,,,,1.0
InputActivityRatio,NDCINC,ECU,T5RARBOS,E3_RAR,,1,2028,,,,,,1.0
InputActivityRatio,NDCINC,ECU,T5RARBOS,E3_RAR,,1,2029,,,,,,1.0
InputActivityRatio,NDCINC,ECU,T5RARBOS,E3_RAR,,1,2030,,,,,,1.0
InputActivityRatio,NDCINC,ECU,T5RARBOS,E3_RAR,,1,2031,,,,,,1.0
InputActivityRatio,NDCINC,ECU,T5RARBOS,E3_RAR,,1,2032,,,,,,1.0
InputActivityRatio,NDCINC,ECU,T5RARBOS,E3_RAR,,1,2033,,,,,,1.0
InputActivityRatio,NDCINC,ECU,T5RARBOS,E3_RAR,,1,2034,,,,,,1.0
InputActivityRatio,NDCINC,ECU,T5RARBOS,E3_RAR,,1,2035,,,,,,1.0
InputActivityRatio,NDCINC,ECU,T5PLABOS,E3_PLA,,1,2010,,,,,,1.0
InputActivityRatio,NDCINC,ECU,T5PLABOS,E3_PLA,,1,2011,,,,,,1.0
InputActivityRatio,NDCINC,ECU,T5PLABOS,E3_PLA,,1,2012,,,,,,1.0
InputActivityRatio,NDCINC,ECU,T5PLABOS,E3_PLA,,1,2013,,,,,,1.0
InputActivityRatio,NDCINC,ECU,T5PLABOS,E3_PLA,,1,2014,,,,,,1.0
InputActivityRatio,NDCINC,ECU,T5PLABOS,E3_PLA,,1,2015,,,,,,1.0
InputActivityRatio,NDCINC,ECU,T5PLABOS,E3_PLA,,1,2016,,,,,,1.0
InputActivityRatio,NDCINC,ECU,T5PLABOS,E3_PLA,,1,2017,,,,,,1.0
InputActivityRatio,NDCINC,ECU,T5PLABOS,E3_PLA,,1,2018,,,,,,1.0
InputActivityRatio,NDCINC,ECU,T5PLABOS,E3_PLA,,1,2019,,,,,,1.0
InputActivityRatio,NDCINC,ECU,T5PLABOS,E3_PLA,,1,2020,,,,,,1.0
InputActivityRatio,NDCINC,ECU,T5PLABOS,E3_PLA,,1,2021,,,,,,1.0
InputActivityRatio,NDCINC,ECU,T5PLABOS,E3_PLA,,1,2022,,,,,,1.0
InputActivityRatio,NDCINC,ECU,T5PLABOS,E3_PLA,,1,2023,,,,,,1.0
InputActivityRatio,NDCINC,ECU,T5PLABOS,E3_PLA,,1,2024,,,,,,1.0
InputActivityRatio,NDCINC,ECU,T5PLABOS,E3_PLA,,1,2025,,,,,,1.0
InputActivityRatio,NDCINC,ECU,T5PLABOS,E3_PLA,,1,2026,,,,,,1.0
InputActivityRatio,NDCINC,ECU,T5PLABOS,E3_PLA,,1,2027,,,,,,1.0
InputActivityRatio,NDCINC,ECU,T5PLABOS,E3_PLA,,1,2028,,,,,,1.0
InputActivityRatio,NDCINC,ECU,T5PLABOS,E3_PLA,,1,2029,,,,,,1.0
InputActivityRatio,NDCINC,ECU,T5PLABOS,E3_PLA,,1,2030,,,,,,1.0
InputActivityRatio,NDCINC,ECU,T5PLABOS,E3_PLA,,1,2031,,,,,,1.0
InputActivityRatio,NDCINC,ECU,T5PLABOS,E3_PLA,,1,2032,,,,,,1.0
InputActivityRatio,NDCINC,ECU,T5PLABOS,E3_PLA,,1,2033,,,,,,1.0
InputActivityRatio,NDCINC,ECU,T5PLABOS,E3_PLA,,1,2034,,,,,,1.0
InputActivityRatio,NDCINC,ECU,T5PLABOS,E3_PLA,,1,2035,,,,,,1.0
InputActivityRatio,NDCINC,ECU,T5NPRMAN,E3_NPRMAN,,1,2010,,,,,,1.0
InputActivityRatio,NDCINC,ECU,T5NPRMAN,E3_NPRMAN,,1,2011,,,,,,1.0
InputActivityRatio,NDCINC,ECU,T5NPRMAN,E3_NPRMAN,,1,2012,,,,,,1.0
InputActivityRatio,NDCINC,ECU,T5NPRMAN,E3_NPRMAN,,1,2013,,,,,,1.0
InputActivityRatio,NDCINC,ECU,T5NPRMAN,E3_NPRMAN,,1,2014,,,,,,1.0
InputActivityRatio,NDCINC,ECU,T5NPRMAN,E3_NPRMAN,,1,2015,,,,,,1.0
InputActivityRatio,NDCINC,ECU,T5NPRMAN,E3_NPRMAN,,1,2016,,,,,,1.0
InputActivityRatio,NDCINC,ECU,T5NPRMAN,E3_NPRMAN,,1,2017,,,,,,1.0
InputActivityRatio,NDCINC,ECU,T5NPRMAN,E3_NPRMAN,,1,2018,,,,,,1.0
InputActivityRatio,NDCINC,ECU,T5NPRMAN,E3_NPRMAN,,1,2019,,,,,,1.0
InputActivityRatio,NDCINC,ECU,T5NPRMAN,E3_NPRMAN,,1,2020,,,,,,1.0
InputActivityRatio,NDCINC,ECU,T5NPRMAN,E3_NPRMAN,,1,2021,,,,,,1.0
InputActivityRatio,NDCINC,ECU,T5NPRMAN,E3_NPRMAN,,1,2022,,,,,,1.0
InputActivityRatio,NDCINC,ECU,T5NPRMAN,E3_NPRMAN,,1,2023,,,,,,1.0
InputActivityRatio,NDCINC,ECU,T5NPRMAN,E3_NPRMAN,,1,2024,,,,,,1.0
InputActivityRatio,NDCINC,ECU,T5NPRMAN,E3_NPRMAN,,1,2025,,,,,,1.0
InputActivityRatio,NDCINC,ECU,T5NPRMAN,E3_NPRMAN,,1,2026,,,,,,1.0
InputActivityRatio,NDCINC,ECU,T5NPRMAN,E3_NPRMAN,,1,2027,,,,,,1.0
InputActivityRatio,NDCINC,ECU,T5NPRMAN,E3_NPRMAN,,1,2028,,,,,,1.0
InputActivityRatio,NDCINC,ECU,T5NPRMAN,E3_NPRMAN,,1,2029,,,,,,1.0
InputActivityRatio,NDCINC,ECU,T5NPRMAN,E3_NPRMAN,,1,2030,,,,,,1.0
InputActivityRatio,NDCINC,ECU,T5NPRMAN,E3_NPRMAN,,1,2031,,,,,,1.0
InputActivityRatio,NDCINC,ECU,T5NPRMAN,E3_NPRMAN,,1,2032,,,,,,1.0
InputActivityRatio,NDCINC,ECU,T5NPRMAN,E3_NPRMAN,,1,2033,,,,,,1.0
InputActivityRatio,NDCINC,ECU,T5NPRMAN,E3_NPRMAN,,1,2034,,,,,,1.0
InputActivityRatio,NDCINC,ECU,T5NPRMAN,E3_NPRMAN,,1,2035,,,,,,1.0
InputActivityRatio,NDCINC,ECU,T5NUNMAN,E3_NUNMAN,,1,2010,,,,,,1.0
InputActivityRatio,NDCINC,ECU,T5NUNMAN,E3_NUNMAN,,1,2011,,,,,,1.0
InputActivityRatio,NDCINC,ECU,T5NUNMAN,E3_NUNMAN,,1,2012,,,,,,1.0
InputActivityRatio,NDCINC,ECU,T5NUNMAN,E3_NUNMAN,,1,2013,,,,,,1.0
InputActivityRatio,NDCINC,ECU,T5NUNMAN,E3_NUNMAN,,1,2014,,,,,,1.0
InputActivityRatio,NDCINC,ECU,T5NUNMAN,E3_NUNMAN,,1,2015,,,,,,1.0
InputActivityRatio,NDCINC,ECU,T5NUNMAN,E3_NUNMAN,,1,2016,,,,,,1.0
InputActivityRatio,NDCINC,ECU,T5NUNMAN,E3_NUNMAN,,1,2017,,,,,,1.0
InputActivityRatio,NDCINC,ECU,T5NUNMAN,E3_NUNMAN,,1,2018,,,,,,1.0
InputActivityRatio,NDCINC,ECU,T5NUNMAN,E3_NUNMAN,,1,2019,,,,,,1.0
InputActivityRatio,NDCINC,ECU,T5NUNMAN,E3_NUNMAN,,1,2020,,,,,,1.0
InputActivityRatio,NDCINC,ECU,T5NUNMAN,E3_NUNMAN,,1,2021,,,,,,1.0
InputActivityRatio,NDCINC,ECU,T5NUNMAN,E3_NUNMAN,,1,2022,,,,,,1.0
InputActivityRatio,NDCINC,ECU,T5NUNMAN,E3_NUNMAN,,1,2023,,,,,,1.0
InputActivityRatio,NDCINC,ECU,T5NUNMAN,E3_NUNMAN,,1,2024,,,,,,1.0
InputActivityRatio,NDCINC,ECU,T5NUNMAN,E3_NUNMAN,,1,2025,,,,,,1.0
InputActivityRatio,NDCINC,ECU,T5NUNMAN,E3_NUNMAN,,1,2026,,,,,,1.0
InputActivityRatio,NDCINC,ECU,T5NUNMAN,E3_NUNMAN,,1,2027,,,,,,1.0
InputActivityRatio,NDCINC,ECU,T5NUNMAN,E3_NUNMAN,,1,2028,,,,,,1.0
InputActivityRatio,NDCINC,ECU,T5NUNMAN,E3_NUNMAN,,1,2029,,,,,,1.0
InputActivityRatio,NDCINC,ECU,T5NUNMAN,E3_NUNMAN,,1,2030,,,,,,1.0
InputActivityRatio,NDCINC,ECU,T5NUNMAN,E3_NUNMAN,,1,2031,,,,,,1.0
InputActivityRatio,NDCINC,ECU,T5NUNMAN,E3_NUNMAN,,1,2032,,,,,,1.0
InputActivityRatio,NDCINC,ECU,T5NUNMAN,E3_NUNMAN,,1,2033,,,,,,1.0
InputActivityRatio,NDCINC,ECU,T5NUNMAN,E3_NUNMAN,,1,2034,,,,,,1.0
InputActivityRatio,NDCINC,ECU,T5NUNMAN,E3_NUNMAN,,1,2035,,,,,,1.0
InputActivityRatio,NDCINC,ECU,T5NPRMOR,E3_NPRMOR,,1,2010,,,,,,1.0
InputActivityRatio,NDCINC,ECU,T5NPRMOR,E3_NPRMOR,,1,2011,,,,,,1.0
InputActivityRatio,NDCINC,ECU,T5NPRMOR,E3_NPRMOR,,1,2012,,,,,,1.0
InputActivityRatio,NDCINC,ECU,T5NPRMOR,E3_NPRMOR,,1,2013,,,,,,1.0
InputActivityRatio,NDCINC,ECU,T5NPRMOR,E3_NPRMOR,,1,2014,,,,,,1.0
InputActivityRatio,NDCINC,ECU,T5NPRMOR,E3_NPRMOR,,1,2015,,,,,,1.0
InputActivityRatio,NDCINC,ECU,T5NPRMOR,E3_NPRMOR,,1,2016,,,,,,1.0
InputActivityRatio,NDCINC,ECU,T5NPRMOR,E3_NPRMOR,,1,2017,,,,,,1.0
InputActivityRatio,NDCINC,ECU,T5NPRMOR,E3_NPRMOR,,1,2018,,,,,,1.0
InputActivityRatio,NDCINC,ECU,T5NPRMOR,E3_NPRMOR,,1,2019,,,,,,1.0
InputActivityRatio,NDCINC,ECU,T5NPRMOR,E3_NPRMOR,,1,2020,,,,,,1.0
InputActivityRatio,NDCINC,ECU,T5NPRMOR,E3_NPRMOR,,1,2021,,,,,,1.0
InputActivityRatio,NDCINC,ECU,T5NPRMOR,E3_NPRMOR,,1,2022,,,,,,1.0
InputActivityRatio,NDCINC,ECU,T5NPRMOR,E3_NPRMOR,,1,2023,,,,,,1.0
InputActivityRatio,NDCINC,ECU,T5NPRMOR,E3_NPRMOR,,1,2024,,,,,,1.0
InputActivityRatio,NDCINC,ECU,T5NPRMOR,E3_NPRMOR,,1,2025,,,,,,1.0
InputActivityRatio,NDCINC,ECU,T5NPRMOR,E3_NPRMOR,,1,2026,,,,,,1.0
InputActivityRatio,NDCINC,ECU,T5NPRMOR,E3_NPRMOR,,1,2027,,,,,,1.0
InputActivityRatio,NDCINC,ECU,T5NPRMOR,E3_NPRMOR,,1,2028,,,,,,1.0
InputActivityRatio,NDCINC,ECU,T5NPRMOR,E3_NPRMOR,,1,2029,,,,,,1.0
InputActivityRatio,NDCINC,ECU,T5NPRMOR,E3_NPRMOR,,1,2030,,,,,,1.0
InputActivityRatio,NDCINC,ECU,T5NPRMOR,E3_NPRMOR,,1,2031,,,,,,1.0
InputActivityRatio,NDCINC,ECU,T5NPRMOR,E3_NPRMOR,,1,2032,,,,,,1.0
InputActivityRatio,NDCINC,ECU,T5NPRMOR,E3_NPRMOR,,1,2033,,,,,,1.0
InputActivityRatio,NDCINC,ECU,T5NPRMOR,E3_NPRMOR,,1,2034,,,,,,1.0
InputActivityRatio,NDCINC,ECU,T5NPRMOR,E3_NPRMOR,,1,2035,,,,,,1.0
InputActivityRatio,NDCINC,ECU,T5NUNMOR,E3_NUNMOR,,1,2010,,,,,,1.0
InputActivityRatio,NDCINC,ECU,T5NUNMOR,E3_NUNMOR,,1,2011,,,,,,1.0
InputActivityRatio,NDCINC,ECU,T5NUNMOR,E3_NUNMOR,,1,2012,,,,,,1.0
InputActivityRatio,NDCINC,ECU,T5NUNMOR,E3_NUNMOR,,1,2013,,,,,,1.0
InputActivityRatio,NDCINC,ECU,T5NUNMOR,E3_NUNMOR,,1,2014,,,,,,1.0
InputActivityRatio,NDCINC,ECU,T5NUNMOR,E3_NUNMOR,,1,2015,,,,,,1.0
InputActivityRatio,NDCINC,ECU,T5NUNMOR,E3_NUNMOR,,1,2016,,,,,,1.0
InputActivityRatio,NDCINC,ECU,T5NUNMOR,E3_NUNMOR,,1,2017,,,,,,1.0
InputActivityRatio,NDCINC,ECU,T5NUNMOR,E3_NUNMOR,,1,2018,,,,,,1.0
InputActivityRatio,NDCINC,ECU,T5NUNMOR,E3_NUNMOR,,1,2019,,,,,,1.0
InputActivityRatio,NDCINC,ECU,T5NUNMOR,E3_NUNMOR,,1,2020,,,,,,1.0
InputActivityRatio,NDCINC,ECU,T5NUNMOR,E3_NUNMOR,,1,2021,,,,,,1.0
InputActivityRatio,NDCINC,ECU,T5NUNMOR,E3_NUNMOR,,1,2022,,,,,,1.0
InputActivityRatio,NDCINC,ECU,T5NUNMOR,E3_NUNMOR,,1,2023,,,,,,1.0
InputActivityRatio,NDCINC,ECU,T5NUNMOR,E3_NUNMOR,,1,2024,,,,,,1.0
InputActivityRatio,NDCINC,ECU,T5NUNMOR,E3_NUNMOR,,1,2025,,,,,,1.0
InputActivityRatio,NDCINC,ECU,T5NUNMOR,E3_NUNMOR,,1,2026,,,,,,1.0
InputActivityRatio,NDCINC,ECU,T5NUNMOR,E3_NUNMOR,,1,2027,,,,,,1.0
InputActivityRatio,NDCINC,ECU,T5NUNMOR,E3_NUNMOR,,1,2028,,,,,,1.0
InputActivityRatio,NDCINC,ECU,T5NUNMOR,E3_NUNMOR,,1,2029,,,,,,1.0
InputActivityRatio,NDCINC,ECU,T5NUNMOR,E3_NUNMOR,,1,2030,,,,,,1.0
InputActivityRatio,NDCINC,ECU,T5NUNMOR,E3_NUNMOR,,1,2031,,,,,,1.0
InputActivityRatio,NDCINC,ECU,T5NUNMOR,E3_NUNMOR,,1,2032,,,,,,1.0
InputActivityRatio,NDCINC,ECU,T5NUNMOR,E3_NUNMOR,,1,2033,,,,,,1.0
InputActivityRatio,NDCINC,ECU,T5NUNMOR,E3_NUNMOR,,1,2034,,,,,,1.0
InputActivityRatio,NDCINC,ECU,T5NUNMOR,E3_NUNMOR,,1,2035,,,,,,1.0
InputActivityRatio,NDCINC,ECU,T5NPRPFO,E3_NPRPFO,,1,2010,,,,,,1.0
InputActivityRatio,NDCINC,ECU,T5NPRPFO,E3_NPRPFO,,1,2011,,,,,,1.0
InputActivityRatio,NDCINC,ECU,T5NPRPFO,E3_NPRPFO,,1,2012,,,,,,1.0
InputActivityRatio,NDCINC,ECU,T5NPRPFO,E3_NPRPFO,,1,2013,,,,,,1.0
InputActivityRatio,NDCINC,ECU,T5NPRPFO,E3_NPRPFO,,1,2014,,,,,,1.0
InputActivityRatio,NDCINC,ECU,T5NPRPFO,E3_NPRPFO,,1,2015,,,,,,1.0
InputActivityRatio,NDCINC,ECU,T5NPRPFO,E3_NPRPFO,,1,2016,,,,,,1.0
InputActivityRatio,NDCINC,ECU,T5NPRPFO,E3_NPRPFO,,1,2017,,,,,,1.0
InputActivityRatio,NDCINC,ECU,T5NPRPFO,E3_NPRPFO,,1,2018,,,,,,1.0
InputActivityRatio,NDCINC,ECU,T5NPRPFO,E3_NPRPFO,,1,2019,,,,,,1.0
InputActivityRatio,NDCINC,ECU,T5NPRPFO,E3_NPRPFO,,1,2020,,,,,,1.0
InputActivityRatio,NDCINC,ECU,T5NPRPFO,E3_NPRPFO,,1,2021,,,,,,1.0
InputActivityRatio,NDCINC,ECU,T5NPRPFO,E3_NPRPFO,,1,2022,,,,,,1.0
InputActivityRatio,NDCINC,ECU,T5NPRPFO,E3_NPRPFO,,1,2023,,,,,,1.0
InputActivityRatio,NDCINC,ECU,T5NPRPFO,E3_NPRPFO,,1,2024,,,,,,1.0
InputActivityRatio,NDCINC,ECU,T5NPRPFO,E3_NPRPFO,,1,2025,,,,,,1.0
InputActivityRatio,NDCINC,ECU,T5NPRPFO,E3_NPRPFO,,1,2026,,,,,,1.0
InputActivityRatio,NDCINC,ECU,T5NPRPFO,E3_NPRPFO,,1,2027,,,,,,1.0
InputActivityRatio,NDCINC,ECU,T5NPRPFO,E3_NPRPFO,,1,2028,,,,,,1.0
InputActivityRatio,NDCINC,ECU,T5NPRPFO,E3_NPRPFO,,1,2029,,,,,,1.0
InputActivityRatio,NDCINC,ECU,T5NPRPFO,E3_NPRPFO,,1,2030,,,,,,1.0
InputActivityRatio,NDCINC,ECU,T5NPRPFO,E3_NPRPFO,,1,2031,,,,,,1.0
InputActivityRatio,NDCINC,ECU,T5NPRPFO,E3_NPRPFO,,1,2032,,,,,,1.0
InputActivityRatio,NDCINC,ECU,T5NPRPFO,E3_NPRPFO,,1,2033,,,,,,1.0
InputActivityRatio,NDCINC,ECU,T5NPRPFO,E3_NPRPFO,,1,2034,,,,,,1.0
InputActivityRatio,NDCINC,ECU,T5NPRPFO,E3_NPRPFO,,1,2035,,,,,,1.0
InputActivityRatio,NDCINC,ECU,T5NUNPFO,E3_NUNPFO,,1,2010,,,,,,1.0
InputActivityRatio,NDCINC,ECU,T5NUNPFO,E3_NUNPFO,,1,2011,,,,,,1.0
InputActivityRatio,NDCINC,ECU,T5NUNPFO,E3_NUNPFO,,1,2012,,,,,,1.0
InputActivityRatio,NDCINC,ECU,T5NUNPFO,E3_NUNPFO,,1,2013,,,,,,1.0
InputActivityRatio,NDCINC,ECU,T5NUNPFO,E3_NUNPFO,,1,2014,,,,,,1.0
InputActivityRatio,NDCINC,ECU,T5NUNPFO,E3_NUNPFO,,1,2015,,,,,,1.0
InputActivityRatio,NDCINC,ECU,T5NUNPFO,E3_NUNPFO,,1,2016,,,,,,1.0
InputActivityRatio,NDCINC,ECU,T5NUNPFO,E3_NUNPFO,,1,2017,,,,,,1.0
InputActivityRatio,NDCINC,ECU,T5NUNPFO,E3_NUNPFO,,1,2018,,,,,,1.0
InputActivityRatio,NDCINC,ECU,T5NUNPFO,E3_NUNPFO,,1,2019,,,,,,1.0
InputActivityRatio,NDCINC,ECU,T5NUNPFO,E3_NUNPFO,,1,2020,,,,,,1.0
InputActivityRatio,NDCINC,ECU,T5NUNPFO,E3_NUNPFO,,1,2021,,,,,,1.0
InputActivityRatio,NDCINC,ECU,T5NUNPFO,E3_NUNPFO,,1,2022,,,,,,1.0
InputActivityRatio,NDCINC,ECU,T5NUNPFO,E3_NUNPFO,,1,2023,,,,,,1.0
InputActivityRatio,NDCINC,ECU,T5NUNPFO,E3_NUNPFO,,1,2024,,,,,,1.0
InputActivityRatio,NDCINC,ECU,T5NUNPFO,E3_NUNPFO,,1,2025,,,,,,1.0
InputActivityRatio,NDCINC,ECU,T5NUNPFO,E3_NUNPFO,,1,2026,,,,,,1.0
InputActivityRatio,NDCINC,ECU,T5NUNPFO,E3_NUNPFO,,1,2027,,,,,,1.0
InputActivityRatio,NDCINC,ECU,T5NUNPFO,E3_NUNPFO,,1,2028,,,,,,1.0
InputActivityRatio,NDCINC,ECU,T5NUNPFO,E3_NUNPFO,,1,2029,,,,,,1.0
InputActivityRatio,NDCINC,ECU,T5NUNPFO,E3_NUNPFO,,1,2030,,,,,,1.0
InputActivityRatio,NDCINC,ECU,T5NUNPFO,E3_NUNPFO,,1,2031,,,,,,1.0
InputActivityRatio,NDCINC,ECU,T5NUNPFO,E3_NUNPFO,,1,2032,,,,,,1.0
InputActivityRatio,NDCINC,ECU,T5NUNPFO,E3_NUNPFO,,1,2033,,,,,,1.0
InputActivityRatio,NDCINC,ECU,T5NUNPFO,E3_NUNPFO,,1,2034,,,,,,1.0
InputActivityRatio,NDCINC,ECU,T5NUNPFO,E3_NUNPFO,,1,2035,,,,,,1.0
InputActivityRatio,NDCINC,ECU,T4ELE_HEA,E1ELE,,1,2010,,,,,,1.0
InputActivityRatio,NDCINC,ECU,T4ELE_HEA,E1ELE,,1,2011,,,,,,1.0
InputActivityRatio,NDCINC,ECU,T4ELE_HEA,E1ELE,,1,2012,,,,,,1.0
InputActivityRatio,NDCINC,ECU,T4ELE_HEA,E1ELE,,1,2013,,,,,,1.0
InputActivityRatio,NDCINC,ECU,T4ELE_HEA,E1ELE,,1,2014,,,,,,1.0
InputActivityRatio,NDCINC,ECU,T4ELE_HEA,E1ELE,,1,2015,,,,,,1.0
InputActivityRatio,NDCINC,ECU,T4ELE_HEA,E1ELE,,1,2016,,,,,,1.0
InputActivityRatio,NDCINC,ECU,T4ELE_HEA,E1ELE,,1,2017,,,,,,1.0
InputActivityRatio,NDCINC,ECU,T4ELE_HEA,E1ELE,,1,2018,,,,,,1.0
InputActivityRatio,NDCINC,ECU,T4ELE_HEA,E1ELE,,1,2019,,,,,,1.0
InputActivityRatio,NDCINC,ECU,T4ELE_HEA,E1ELE,,1,2020,,,,,,1.0
InputActivityRatio,NDCINC,ECU,T4ELE_HEA,E1ELE,,1,2021,,,,,,1.0
InputActivityRatio,NDCINC,ECU,T4ELE_HEA,E1ELE,,1,2022,,,,,,1.0
InputActivityRatio,NDCINC,ECU,T4ELE_HEA,E1ELE,,1,2023,,,,,,1.0
InputActivityRatio,NDCINC,ECU,T4ELE_HEA,E1ELE,,1,2024,,,,,,1.0
InputActivityRatio,NDCINC,ECU,T4ELE_HEA,E1ELE,,1,2025,,,,,,1.0
InputActivityRatio,NDCINC,ECU,T4ELE_HEA,E1ELE,,1,2026,,,,,,1.0
InputActivityRatio,NDCINC,ECU,T4ELE_HEA,E1ELE,,1,2027,,,,,,1.0
InputActivityRatio,NDCINC,ECU,T4ELE_HEA,E1ELE,,1,2028,,,,,,1.0
InputActivityRatio,NDCINC,ECU,T4ELE_HEA,E1ELE,,1,2029,,,,,,1.0
InputActivityRatio,NDCINC,ECU,T4ELE_HEA,E1ELE,,1,2030,,,,,,1.0
InputActivityRatio,NDCINC,ECU,T4ELE_HEA,E1ELE,,1,2031,,,,,,1.0
InputActivityRatio,NDCINC,ECU,T4ELE_HEA,E1ELE,,1,2032,,,,,,1.0
InputActivityRatio,NDCINC,ECU,T4ELE_HEA,E1ELE,,1,2033,,,,,,1.0
InputActivityRatio,NDCINC,ECU,T4ELE_HEA,E1ELE,,1,2034,,,,,,1.0
InputActivityRatio,NDCINC,ECU,T4ELE_HEA,E1ELE,,1,2035,,,,,,1.0
InputActivityRatio,NDCINC,ECU,TRXTRAIELE,E4ELE_HEA,,1,2010,,,,,,1.0
InputActivityRatio,NDCINC,ECU,TRXTRAIELE,E4ELE_HEA,,1,2011,,,,,,1.0
InputActivityRatio,NDCINC,ECU,TRXTRAIELE,E4ELE_HEA,,1,2012,,,,,,1.0
InputActivityRatio,NDCINC,ECU,TRXTRAIELE,E4ELE_HEA,,1,2013,,,,,,1.0
InputActivityRatio,NDCINC,ECU,TRXTRAIELE,E4ELE_HEA,,1,2014,,,,,,1.0
InputActivityRatio,NDCINC,ECU,TRXTRAIELE,E4ELE_HEA,,1,2015,,,,,,1.0
InputActivityRatio,NDCINC,ECU,TRXTRAIELE,E4ELE_HEA,,1,2016,,,,,,1.0
InputActivityRatio,NDCINC,ECU,TRXTRAIELE,E4ELE_HEA,,1,2017,,,,,,1.0
InputActivityRatio,NDCINC,ECU,TRXTRAIELE,E4ELE_HEA,,1,2018,,,,,,1.0
InputActivityRatio,NDCINC,ECU,TRXTRAIELE,E4ELE_HEA,,1,2019,,,,,,1.0
InputActivityRatio,NDCINC,ECU,TRXTRAIELE,E4ELE_HEA,,1,2020,,,,,,1.0
InputActivityRatio,NDCINC,ECU,TRXTRAIELE,E4ELE_HEA,,1,2021,,,,,,1.0
InputActivityRatio,NDCINC,ECU,TRXTRAIELE,E4ELE_HEA,,1,2022,,,,,,1.0
InputActivityRatio,NDCINC,ECU,TRXTRAIELE,E4ELE_HEA,,1,2023,,,,,,1.0
InputActivityRatio,NDCINC,ECU,TRXTRAIELE,E4ELE_HEA,,1,2024,,,,,,1.0
InputActivityRatio,NDCINC,ECU,TRXTRAIELE,E4ELE_HEA,,1,2025,,,,,,1.0
InputActivityRatio,NDCINC,ECU,TRXTRAIELE,E4ELE_HEA,,1,2026,,,,,,1.0
InputActivityRatio,NDCINC,ECU,TRXTRAIELE,E4ELE_HEA,,1,2027,,,,,,1.0
InputActivityRatio,NDCINC,ECU,TRXTRAIELE,E4ELE_HEA,,1,2028,,,,,,1.0
InputActivityRatio,NDCINC,ECU,TRXTRAIELE,E4ELE_HEA,,1,2029,,,,,,1.0
InputActivityRatio,NDCINC,ECU,TRXTRAIELE,E4ELE_HEA,,1,2030,,,,,,1.0
InputActivityRatio,NDCINC,ECU,TRXTRAIELE,E4ELE_HEA,,1,2031,,,,,,1.0
InputActivityRatio,NDCINC,ECU,TRXTRAIELE,E4ELE_HEA,,1,2032,,,,,,1.0
InputActivityRatio,NDCINC,ECU,TRXTRAIELE,E4ELE_HEA,,1,2033,,,,,,1.0
InputActivityRatio,NDCINC,ECU,TRXTRAIELE,E4ELE_HEA,,1,2034,,,,,,1.0
InputActivityRatio,NDCINC,ECU,TRXTRAIELE,E4ELE_HEA,,1,2035,,,,,,1.0
InputActivityRatio,NDCINC,ECU,Techs_Rail,E5TRXTRAI,,1,2010,,,,,,1.0
InputActivityRatio,NDCINC,ECU,Techs_Rail,E5TRXTRAI,,1,2011,,,,,,1.0
InputActivityRatio,NDCINC,ECU,Techs_Rail,E5TRXTRAI,,1,2012,,,,,,1.0
InputActivityRatio,NDCINC,ECU,Techs_Rail,E5TRXTRAI,,1,2013,,,,,,1.0
InputActivityRatio,NDCINC,ECU,Techs_Rail,E5TRXTRAI,,1,2014,,,,,,1.0
InputActivityRatio,NDCINC,ECU,Techs_Rail,E5TRXTRAI,,1,2015,,,,,,1.0
InputActivityRatio,NDCINC,ECU,Techs_Rail,E5TRXTRAI,,1,2016,,,,,,1.0
InputActivityRatio,NDCINC,ECU,Techs_Rail,E5TRXTRAI,,1,2017,,,,,,1.0
InputActivityRatio,NDCINC,ECU,Techs_Rail,E5TRXTRAI,,1,2018,,,,,,1.0
InputActivityRatio,NDCINC,ECU,Techs_Rail,E5TRXTRAI,,1,2019,,,,,,1.0
InputActivityRatio,NDCINC,ECU,Techs_Rail,E5TRXTRAI,,1,2020,,,,,,1.0
InputActivityRatio,NDCINC,ECU,Techs_Rail,E5TRXTRAI,,1,2021,,,,,,1.0
InputActivityRatio,NDCINC,ECU,Techs_Rail,E5TRXTRAI,,1,2022,,,,,,1.0
InputActivityRatio,NDCINC,ECU,Techs_Rail,E5TRXTRAI,,1,2023,,,,,,1.0
InputActivityRatio,NDCINC,ECU,Techs_Rail,E5TRXTRAI,,1,2024,,,,,,1.0
InputActivityRatio,NDCINC,ECU,Techs_Rail,E5TRXTRAI,,1,2025,,,,,,1.0
InputActivityRatio,NDCINC,ECU,Techs_Rail,E5TRXTRAI,,1,2026,,,,,,1.0
InputActivityRatio,NDCINC,ECU,Techs_Rail,E5TRXTRAI,,1,2027,,,,,,1.0
InputActivityRatio,NDCINC,ECU,Techs_Rail,E5TRXTRAI,,1,2028,,,,,,1.0
InputActivityRatio,NDCINC,ECU,Techs_Rail,E5TRXTRAI,,1,2029,,,,,,1.0
InputActivityRatio,NDCINC,ECU,Techs_Rail,E5TRXTRAI,,1,2030,,,,,,1.0
InputActivityRatio,NDCINC,ECU,Techs_Rail,E5TRXTRAI,,1,2031,,,,,,1.0
InputActivityRatio,NDCINC,ECU,Techs_Rail,E5TRXTRAI,,1,2032,,,,,,1.0
InputActivityRatio,NDCINC,ECU,Techs_Rail,E5TRXTRAI,,1,2033,,,,,,1.0
InputActivityRatio,NDCINC,ECU,Techs_Rail,E5TRXTRAI,,1,2034,,,,,,1.0
InputActivityRatio,NDCINC,ECU,Techs_Rail,E5TRXTRAI,,1,2035,,,,,,1.0
