PARAMETER,Scenario,REGION,TECHNOLOGY,FUEL,EMISSION,MODE_OF_OPERATION,YEAR,TIMESLICE,SEASON,DAYTYPE,DAILYTIMEBRACKET,STORAGE,Value
TotalTechnologyAnnualActivityLowerLimit,NDCcond,ECU,INORG_RCY_OS,,,,2010,,,,,,1.6787
TotalTechnologyAnnualActivityLowerLimit,NDCcond,ECU,INORG_RCY_OS,,,,2011,,,,,,1.7402
TotalTechnologyAnnualActivityLowerLimit,NDCcond,ECU,INORG_RCY_OS,,,,2012,,,,,,1.7947
TotalTechnologyAnnualActivityLowerLimit,NDCcond,ECU,INORG_RCY_OS,,,,2013,,,,,,2.0486
TotalTechnologyAnnualActivityLowerLimit,NDCcond,ECU,INORG_RCY_OS,,,,2014,,,,,,2.3216
TotalTechnologyAnnualActivityLowerLimit,NDCcond,ECU,INORG_RCY_OS,,,,2015,,,,,,2.1864
TotalTechnologyAnnualActivityLowerLimit,NDCcond,ECU,INORG_RCY_OS,,,,2016,,,,,,2.0872
TotalTechnologyAnnualActivityLowerLimit,NDCcond,ECU,INORG_RCY_OS,,,,2017,,,,,,2.0809
TotalTechnologyAnnualActivityLowerLimit,NDCcond,ECU,INORG_RCY_OS,,,,2018,,,,,,2.0811
TotalTechnologyAnnualActivityLowerLimit,NDCcond,ECU,INORG_RCY_OS,,,,2019,,,,,,2.0895
TotalTechnologyAnnualActivityLowerLimit,NDCcond,ECU,INORG_RCY_OS,,,,2020,,,,,,2.0978
TotalTechnologyAnnualActivityLowerLimit,NDCcond,ECU,INORG_RCY_OS,,,,2021,,,,,,2.1521
TotalTechnologyAnnualActivityLowerLimit,NDCcond,ECU,INORG_RCY_OS,,,,2022,,,,,,2.2359
TotalTechnologyAnnualActivityLowerLimit,NDCcond,ECU,INORG_RCY_OS,,,,2023,,,,,,2.3653
TotalTechnologyAnnualActivityLowerLimit,NDCcond,ECU,INORG_RCY_OS,,,,2024,,,,,,2.497
TotalTechnologyAnnualActivityLowerLimit,NDCcond,ECU,INORG_RCY_OS,,,,2025,,,,,,2.6309
TotalTechnologyAnnualActivityLowerLimit,NDCcond,ECU,INORG_RCY_OS,,,,2026,,,,,,2.767
TotalTechnologyAnnualActivityLowerLimit,NDCcond,ECU,INORG_RCY_OS,,,,2027,,,,,,2.9052
TotalTechnologyAnnualActivityLowerLimit,NDCcond,ECU,INORG_RCY_OS,,,,2028,,,,,,3.0455
TotalTechnologyAnnualActivityLowerLimit,NDCcond,ECU,INORG_RCY_OS,,,,2029,,,,,,3.1879
TotalTechnologyAnnualActivityLowerLimit,NDCcond,ECU,INORG_RCY_OS,,,,2030,,,,,,3.3321
TotalTechnologyAnnualActivityLowerLimit,NDCcond,ECU,INORG_RCY_OS,,,,2031,,,,,,3.3972
TotalTechnologyAnnualActivityLowerLimit,NDCcond,ECU,INORG_RCY_OS,,,,2032,,,,,,3.4624
TotalTechnologyAnnualActivityLowerLimit,NDCcond,ECU,INORG_RCY_OS,,,,2033,,,,,,3.5275
TotalTechnologyAnnualActivityLowerLimit,NDCcond,ECU,INORG_RCY_OS,,,,2034,,,,,,3.5926
TotalTechnologyAnnualActivityLowerLimit,NDCcond,ECU,INORG_RCY_OS,,,,2035,,,,,,3.6577
TotalTechnologyAnnualActivityLowerLimit,NDCcond,ECU,AD,,,,2010,,,,,,
TotalTechnologyAnnualActivityLowerLimit,NDCcond,ECU,AD,,,,2011,,,,,,
TotalTechnologyAnnualActivityLowerLimit,NDCcond,ECU,AD,,,,2012,,,,,,
TotalTechnologyAnnualActivityLowerLimit,NDCcond,ECU,AD,,,,2013,,,,,,
TotalTechnologyAnnualActivityLowerLimit,NDCcond,ECU,AD,,,,2014,,,,,,
TotalTechnologyAnnualActivityLowerLimit,NDCcond,ECU,AD,,,,2015,,,,,,
TotalTechnologyAnnualActivityLowerLimit,NDCcond,ECU,AD,,,,2016,,,,,,
TotalTechnologyAnnualActivityLowerLimit,NDCcond,ECU,AD,,,,2017,,,,,,
TotalTechnologyAnnualActivityLowerLimit,NDCcond,ECU,AD,,,,2018,,,,,,
TotalTechnologyAnnualActivityLowerLimit,NDCcond,ECU,AD,,,,2019,,,,,,
TotalTechnologyAnnualActivityLowerLimit,NDCcond,ECU,AD,,,,2020,,,,,,
TotalTechnologyAnnualActivityLowerLimit,NDCcond,ECU,AD,,,,2021,,,,,,
TotalTechnologyAnnualActivityLowerLimit,NDCcond,ECU,AD,,,,2022,,,,,,
TotalTechnologyAnnualActivityLowerLimit,NDCcond,ECU,AD,,,,2023,,,,,,
TotalTechnologyAnnualActivityLowerLimit,NDCcond,ECU,AD,,,,2024,,,,,,
TotalTechnologyAnnualActivityLowerLimit,NDCcond,ECU,AD,,,,2025,,,,,,
TotalTechnologyAnnualActivityLowerLimit,NDCcond,ECU,AD,,,,2026,,,,,,
TotalTechnologyAnnualActivityLowerLimit,NDCcond,ECU,AD,,,,2027,,,,,,
TotalTechnologyAnnualActivityLowerLimit,NDCcond,ECU,AD,,,,2028,,,,,,
TotalTechnologyAnnualActivityLowerLimit,NDCcond,ECU,AD,,,,2029,,,,,,
TotalTechnologyAnnualActivityLowerLimit,NDCcond,ECU,AD,,,,2030,,,,,,
TotalTechnologyAnnualActivityLowerLimit,NDCcond,ECU,AD,,,,2031,,,,,,
TotalTechnologyAnnualActivityLowerLimit,NDCcond,ECU,AD,,,,2032,,,,,,
TotalTechnologyAnnualActivityLowerLimit,NDCcond,ECU,AD,,,,2033,,,,,,
TotalTechnologyAnnualActivityLowerLimit,NDCcond,ECU,AD,,,,2034,,,,,,
TotalTechnologyAnnualActivityLowerLimit,NDCcond,ECU,AD,,,,2035,,,,,,
TotalTechnologyAnnualActivityLowerLimit,NDCcond,ECU,COMPOST,,,,2010,,,,,,0.0055
TotalTechnologyAnnualActivityLowerLimit,NDCcond,ECU,COMPOST,,,,2011,,,,,,0.0064
TotalTechnologyAnnualActivityLowerLimit,NDCcond,ECU,COMPOST,,,,2012,,,,,,0.0073
TotalTechnologyAnnualActivityLowerLimit,NDCcond,ECU,COMPOST,,,,2013,,,,,,0.0222
TotalTechnologyAnnualActivityLowerLimit,NDCcond,ECU,COMPOST,,,,2014,,,,,,0.0372
TotalTechnologyAnnualActivityLowerLimit,NDCcond,ECU,COMPOST,,,,2015,,,,,,0.0322
TotalTechnologyAnnualActivityLowerLimit,NDCcond,ECU,COMPOST,,,,2016,,,,,,0.0272
TotalTechnologyAnnualActivityLowerLimit,NDCcond,ECU,COMPOST,,,,2017,,,,,,0.0305
TotalTechnologyAnnualActivityLowerLimit,NDCcond,ECU,COMPOST,,,,2018,,,,,,0.0338
TotalTechnologyAnnualActivityLowerLimit,NDCcond,ECU,COMPOST,,,,2019,,,,,,0.0353
TotalTechnologyAnnualActivityLowerLimit,NDCcond,ECU,COMPOST,,,,2020,,,,,,0.0368
TotalTechnologyAnnualActivityLowerLimit,NDCcond,ECU,COMPOST,,,,2021,,,,,,0.0385
TotalTechnologyAnnualActivityLowerLimit,NDCcond,ECU,COMPOST,,,,2022,,,,,,0.0337
TotalTechnologyAnnualActivityLowerLimit,NDCcond,ECU,COMPOST,,,,2023,,,,,,0.0356
TotalTechnologyAnnualActivityLowerLimit,NDCcond,ECU,COMPOST,,,,2024,,,,,,0.0376
TotalTechnologyAnnualActivityLowerLimit,NDCcond,ECU,COMPOST,,,,2025,,,,,,0.0396
TotalTechnologyAnnualActivityLowerLimit,NDCcond,ECU,COMPOST,,,,2026,,,,,,0.0417
TotalTechnologyAnnualActivityLowerLimit,NDCcond,ECU,COMPOST,,,,2027,,,,,,0.0437
TotalTechnologyAnnualActivityLowerLimit,NDCcond,ECU,COMPOST,,,,2028,,,,,,0.0459
TotalTechnologyAnnualActivityLowerLimit,NDCcond,ECU,COMPOST,,,,2029,,,,,,0.048
TotalTechnologyAnnualActivityLowerLimit,NDCcond,ECU,COMPOST,,,,2030,,,,,,0.0502
TotalTechnologyAnnualActivityLowerLimit,NDCcond,ECU,COMPOST,,,,2031,,,,,,0.0512
TotalTechnologyAnnualActivityLowerLimit,NDCcond,ECU,COMPOST,,,,2032,,,,,,0.0521
TotalTechnologyAnnualActivityLowerLimit,NDCcond,ECU,COMPOST,,,,2033,,,,,,0.0531
TotalTechnologyAnnualActivityLowerLimit,NDCcond,ECU,COMPOST,,,,2034,,,,,,0.0541
TotalTechnologyAnnualActivityLowerLimit,NDCcond,ECU,COMPOST,,,,2035,,,,,,0.0551
TotalTechnologyAnnualActivityLowerLimit,NDCcond,ECU,LANDFILL,,,,2010,,,,,,1.2472
TotalTechnologyAnnualActivityLowerLimit,NDCcond,ECU,LANDFILL,,,,2011,,,,,,1.354
TotalTechnologyAnnualActivityLowerLimit,NDCcond,ECU,LANDFILL,,,,2012,,,,,,1.4482
TotalTechnologyAnnualActivityLowerLimit,NDCcond,ECU,LANDFILL,,,,2013,,,,,,1.5746
TotalTechnologyAnnualActivityLowerLimit,NDCcond,ECU,LANDFILL,,,,2014,,,,,,1.7108
TotalTechnologyAnnualActivityLowerLimit,NDCcond,ECU,LANDFILL,,,,2015,,,,,,1.9916
TotalTechnologyAnnualActivityLowerLimit,NDCcond,ECU,LANDFILL,,,,2016,,,,,,2.218
TotalTechnologyAnnualActivityLowerLimit,NDCcond,ECU,LANDFILL,,,,2017,,,,,,2.3435
TotalTechnologyAnnualActivityLowerLimit,NDCcond,ECU,LANDFILL,,,,2018,,,,,,2.4618
TotalTechnologyAnnualActivityLowerLimit,NDCcond,ECU,LANDFILL,,,,2019,,,,,,2.4779
TotalTechnologyAnnualActivityLowerLimit,NDCcond,ECU,LANDFILL,,,,2020,,,,,,2.4921
TotalTechnologyAnnualActivityLowerLimit,NDCcond,ECU,LANDFILL,,,,2021,,,,,,2.6399
TotalTechnologyAnnualActivityLowerLimit,NDCcond,ECU,LANDFILL,,,,2022,,,,,,2.7492
TotalTechnologyAnnualActivityLowerLimit,NDCcond,ECU,LANDFILL,,,,2023,,,,,,2.9082
TotalTechnologyAnnualActivityLowerLimit,NDCcond,ECU,LANDFILL,,,,2024,,,,,,3.0701
TotalTechnologyAnnualActivityLowerLimit,NDCcond,ECU,LANDFILL,,,,2025,,,,,,3.2348
TotalTechnologyAnnualActivityLowerLimit,NDCcond,ECU,LANDFILL,,,,2026,,,,,,3.4022
TotalTechnologyAnnualActivityLowerLimit,NDCcond,ECU,LANDFILL,,,,2027,,,,,,3.5721
TotalTechnologyAnnualActivityLowerLimit,NDCcond,ECU,LANDFILL,,,,2028,,,,,,3.7446
TotalTechnologyAnnualActivityLowerLimit,NDCcond,ECU,LANDFILL,,,,2029,,,,,,3.9197
TotalTechnologyAnnualActivityLowerLimit,NDCcond,ECU,LANDFILL,,,,2030,,,,,,4.097
TotalTechnologyAnnualActivityLowerLimit,NDCcond,ECU,LANDFILL,,,,2031,,,,,,4.177
TotalTechnologyAnnualActivityLowerLimit,NDCcond,ECU,LANDFILL,,,,2032,,,,,,4.2571
TotalTechnologyAnnualActivityLowerLimit,NDCcond,ECU,LANDFILL,,,,2033,,,,,,4.3372
TotalTechnologyAnnualActivityLowerLimit,NDCcond,ECU,LANDFILL,,,,2034,,,,,,4.4173
TotalTechnologyAnnualActivityLowerLimit,NDCcond,ECU,LANDFILL,,,,2035,,,,,,4.4973
TotalTechnologyAnnualActivityLowerLimit,NDCcond,ECU,NO_CONTR_OD,,,,2010,,,,,,1.1267
TotalTechnologyAnnualActivityLowerLimit,NDCcond,ECU,NO_CONTR_OD,,,,2011,,,,,,1.1059
TotalTechnologyAnnualActivityLowerLimit,NDCcond,ECU,NO_CONTR_OD,,,,2012,,,,,,1.0876
TotalTechnologyAnnualActivityLowerLimit,NDCcond,ECU,NO_CONTR_OD,,,,2013,,,,,,1.3072
TotalTechnologyAnnualActivityLowerLimit,NDCcond,ECU,NO_CONTR_OD,,,,2014,,,,,,1.5439
TotalTechnologyAnnualActivityLowerLimit,NDCcond,ECU,NO_CONTR_OD,,,,2015,,,,,,1.0758
TotalTechnologyAnnualActivityLowerLimit,NDCcond,ECU,NO_CONTR_OD,,,,2016,,,,,,0.7133
TotalTechnologyAnnualActivityLowerLimit,NDCcond,ECU,NO_CONTR_OD,,,,2017,,,,,,0.5753
TotalTechnologyAnnualActivityLowerLimit,NDCcond,ECU,NO_CONTR_OD,,,,2018,,,,,,0.4538
TotalTechnologyAnnualActivityLowerLimit,NDCcond,ECU,NO_CONTR_OD,,,,2019,,,,,,0.4447
TotalTechnologyAnnualActivityLowerLimit,NDCcond,ECU,NO_CONTR_OD,,,,2020,,,,,,0.4366
TotalTechnologyAnnualActivityLowerLimit,NDCcond,ECU,NO_CONTR_OD,,,,2021,,,,,,0.3745
TotalTechnologyAnnualActivityLowerLimit,NDCcond,ECU,NO_CONTR_OD,,,,2022,,,,,,0.3847
TotalTechnologyAnnualActivityLowerLimit,NDCcond,ECU,NO_CONTR_OD,,,,2023,,,,,,0.4069
TotalTechnologyAnnualActivityLowerLimit,NDCcond,ECU,NO_CONTR_OD,,,,2024,,,,,,0.4296
TotalTechnologyAnnualActivityLowerLimit,NDCcond,ECU,NO_CONTR_OD,,,,2025,,,,,,0.4526
TotalTechnologyAnnualActivityLowerLimit,NDCcond,ECU,NO_CONTR_OD,,,,2026,,,,,,0.476
TotalTechnologyAnnualActivityLowerLimit,NDCcond,ECU,NO_CONTR_OD,,,,2027,,,,,,0.4998
TotalTechnologyAnnualActivityLowerLimit,NDCcond,ECU,NO_CONTR_OD,,,,2028,,,,,,0.5239
TotalTechnologyAnnualActivityLowerLimit,NDCcond,ECU,NO_CONTR_OD,,,,2029,,,,,,0.5484
TotalTechnologyAnnualActivityLowerLimit,NDCcond,ECU,NO_CONTR_OD,,,,2030,,,,,,0.5733
TotalTechnologyAnnualActivityLowerLimit,NDCcond,ECU,NO_CONTR_OD,,,,2031,,,,,,0.5844
TotalTechnologyAnnualActivityLowerLimit,NDCcond,ECU,NO_CONTR_OD,,,,2032,,,,,,0.5957
TotalTechnologyAnnualActivityLowerLimit,NDCcond,ECU,NO_CONTR_OD,,,,2033,,,,,,0.6069
TotalTechnologyAnnualActivityLowerLimit,NDCcond,ECU,NO_CONTR_OD,,,,2034,,,,,,0.6181
TotalTechnologyAnnualActivityLowerLimit,NDCcond,ECU,NO_CONTR_OD,,,,2035,,,,,,0.6293
TotalTechnologyAnnualActivityLowerLimit,NDCcond,ECU,COPROC,,,,2010,,,,,,0.0
TotalTechnologyAnnualActivityLowerLimit,NDCcond,ECU,COPROC,,,,2011,,,,,,0.0
TotalTechnologyAnnualActivityLowerLimit,NDCcond,ECU,COPROC,,,,2012,,,,,,0.0
TotalTechnologyAnnualActivityLowerLimit,NDCcond,ECU,COPROC,,,,2013,,,,,,0.0
TotalTechnologyAnnualActivityLowerLimit,NDCcond,ECU,COPROC,,,,2014,,,,,,0.0
TotalTechnologyAnnualActivityLowerLimit,NDCcond,ECU,COPROC,,,,2015,,,,,,0.0
TotalTechnologyAnnualActivityLowerLimit,NDCcond,ECU,COPROC,,,,2016,,,,,,0.0
TotalTechnologyAnnualActivityLowerLimit,NDCcond,ECU,COPROC,,,,2017,,,,,,0.0
TotalTechnologyAnnualActivityLowerLimit,NDCcond,ECU,COPROC,,,,2018,,,,,,0.0
TotalTechnologyAnnualActivityLowerLimit,NDCcond,ECU,COPROC,,,,2019,,,,,,0.0
TotalTechnologyAnnualActivityLowerLimit,NDCcond,ECU,COPROC,,,,2020,,,,,,0.0
TotalTechnologyAnnualActivityLowerLimit,NDCcond,ECU,COPROC,,,,2021,,,,,,0.0
TotalTechnologyAnnualActivityLowerLimit,NDCcond,ECU,COPROC,,,,2022,,,,,,0.0
TotalTechnologyAnnualActivityLowerLimit,NDCcond,ECU,COPROC,,,,2023,,,,,,0.0
TotalTechnologyAnnualActivityLowerLimit,NDCcond,ECU,COPROC,,,,2024,,,,,,0.0
TotalTechnologyAnnualActivityLowerLimit,NDCcond,ECU,COPROC,,,,2025,,,,,,0.0
TotalTechnologyAnnualActivityLowerLimit,NDCcond,ECU,COPROC,,,,2026,,,,,,0.0
TotalTechnologyAnnualActivityLowerLimit,NDCcond,ECU,COPROC,,,,2027,,,,,,0.0
TotalTechnologyAnnualActivityLowerLimit,NDCcond,ECU,COPROC,,,,2028,,,,,,0.0
TotalTechnologyAnnualActivityLowerLimit,NDCcond,ECU,COPROC,,,,2029,,,,,,0.0
TotalTechnologyAnnualActivityLowerLimit,NDCcond,ECU,COPROC,,,,2030,,,,,,0.0
TotalTechnologyAnnualActivityLowerLimit,NDCcond,ECU,COPROC,,,,2031,,,,,,0.0
TotalTechnologyAnnualActivityLowerLimit,NDCcond,ECU,COPROC,,,,2032,,,,,,0.0
TotalTechnologyAnnualActivityLowerLimit,NDCcond,ECU,COPROC,,,,2033,,,,,,0.0
TotalTechnologyAnnualActivityLowerLimit,NDCcond,ECU,COPROC,,,,2034,,,,,,0.0
TotalTechnologyAnnualActivityLowerLimit,NDCcond,ECU,COPROC,,,,2035,,,,,,0.0
TotalTechnologyAnnualActivityLowerLimit,NDCcond,ECU,INCIN,,,,2010,,,,,,0.0091
TotalTechnologyAnnualActivityLowerLimit,NDCcond,ECU,INCIN,,,,2011,,,,,,0.0097
TotalTechnologyAnnualActivityLowerLimit,NDCcond,ECU,INCIN,,,,2012,,,,,,0.0104
TotalTechnologyAnnualActivityLowerLimit,NDCcond,ECU,INCIN,,,,2013,,,,,,0.0108
TotalTechnologyAnnualActivityLowerLimit,NDCcond,ECU,INCIN,,,,2014,,,,,,0.0113
TotalTechnologyAnnualActivityLowerLimit,NDCcond,ECU,INCIN,,,,2015,,,,,,0.0112
TotalTechnologyAnnualActivityLowerLimit,NDCcond,ECU,INCIN,,,,2016,,,,,,0.0112
TotalTechnologyAnnualActivityLowerLimit,NDCcond,ECU,INCIN,,,,2017,,,,,,0.0114
TotalTechnologyAnnualActivityLowerLimit,NDCcond,ECU,INCIN,,,,2018,,,,,,0.0116
TotalTechnologyAnnualActivityLowerLimit,NDCcond,ECU,INCIN,,,,2019,,,,,,0.0151
TotalTechnologyAnnualActivityLowerLimit,NDCcond,ECU,INCIN,,,,2020,,,,,,0.0193
TotalTechnologyAnnualActivityLowerLimit,NDCcond,ECU,INCIN,,,,2021,,,,,,0.0091
TotalTechnologyAnnualActivityLowerLimit,NDCcond,ECU,INCIN,,,,2022,,,,,,0.0137
TotalTechnologyAnnualActivityLowerLimit,NDCcond,ECU,INCIN,,,,2023,,,,,,0.0144
TotalTechnologyAnnualActivityLowerLimit,NDCcond,ECU,INCIN,,,,2024,,,,,,0.0152
TotalTechnologyAnnualActivityLowerLimit,NDCcond,ECU,INCIN,,,,2025,,,,,,0.0161
TotalTechnologyAnnualActivityLowerLimit,NDCcond,ECU,INCIN,,,,2026,,,,,,0.0169
TotalTechnologyAnnualActivityLowerLimit,NDCcond,ECU,INCIN,,,,2027,,,,,,0.0178
TotalTechnologyAnnualActivityLowerLimit,NDCcond,ECU,INCIN,,,,2028,,,,,,0.0186
TotalTechnologyAnnualActivityLowerLimit,NDCcond,ECU,INCIN,,,,2029,,,,,,0.0195
TotalTechnologyAnnualActivityLowerLimit,NDCcond,ECU,INCIN,,,,2030,,,,,,0.0204
TotalTechnologyAnnualActivityLowerLimit,NDCcond,ECU,INCIN,,,,2031,,,,,,0.0208
TotalTechnologyAnnualActivityLowerLimit,NDCcond,ECU,INCIN,,,,2032,,,,,,0.0212
TotalTechnologyAnnualActivityLowerLimit,NDCcond,ECU,INCIN,,,,2033,,,,,,0.0216
TotalTechnologyAnnualActivityLowerLimit,NDCcond,ECU,INCIN,,,,2034,,,,,,0.022
TotalTechnologyAnnualActivityLowerLimit,NDCcond,ECU,INCIN,,,,2035,,,,,,0.0224
TotalTechnologyAnnualActivityLowerLimit,NDCcond,ECU,OPEN_BURN,,,,2010,,,,,,
TotalTechnologyAnnualActivityLowerLimit,NDCcond,ECU,OPEN_BURN,,,,2011,,,,,,
TotalTechnologyAnnualActivityLowerLimit,NDCcond,ECU,OPEN_BURN,,,,2012,,,,,,
TotalTechnologyAnnualActivityLowerLimit,NDCcond,ECU,OPEN_BURN,,,,2013,,,,,,
TotalTechnologyAnnualActivityLowerLimit,NDCcond,ECU,OPEN_BURN,,,,2014,,,,,,
TotalTechnologyAnnualActivityLowerLimit,NDCcond,ECU,OPEN_BURN,,,,2015,,,,,,
TotalTechnologyAnnualActivityLowerLimit,NDCcond,ECU,OPEN_BURN,,,,2016,,,,,,
TotalTechnologyAnnualActivityLowerLimit,NDCcond,ECU,OPEN_BURN,,,,2017,,,,,,
TotalTechnologyAnnualActivityLowerLimit,NDCcond,ECU,OPEN_BURN,,,,2018,,,,,,
TotalTechnologyAnnualActivityLowerLimit,NDCcond,ECU,OPEN_BURN,,,,2019,,,,,,
TotalTechnologyAnnualActivityLowerLimit,NDCcond,ECU,OPEN_BURN,,,,2020,,,,,,
TotalTechnologyAnnualActivityLowerLimit,NDCcond,ECU,OPEN_BURN,,,,2021,,,,,,
TotalTechnologyAnnualActivityLowerLimit,NDCcond,ECU,OPEN_BURN,,,,2022,,,,,,
TotalTechnologyAnnualActivityLowerLimit,NDCcond,ECU,OPEN_BURN,,,,2023,,,,,,
TotalTechnologyAnnualActivityLowerLimit,NDCcond,ECU,OPEN_BURN,,,,2024,,,,,,
TotalTechnologyAnnualActivityLowerLimit,NDCcond,ECU,OPEN_BURN,,,,2025,,,,,,
TotalTechnologyAnnualActivityLowerLimit,NDCcond,ECU,OPEN_BURN,,,,2026,,,,,,
TotalTechnologyAnnualActivityLowerLimit,NDCcond,ECU,OPEN_BURN,,,,2027,,,,,,
TotalTechnologyAnnualActivityLowerLimit,NDCcond,ECU,OPEN_BURN,,,,2028,,,,,,
TotalTechnologyAnnualActivityLowerLimit,NDCcond,ECU,OPEN_BURN,,,,2029,,,,,,
TotalTechnologyAnnualActivityLowerLimit,NDCcond,ECU,OPEN_BURN,,,,2030,,,,,,
TotalTechnologyAnnualActivityLowerLimit,NDCcond,ECU,OPEN_BURN,,,,2031,,,,,,
TotalTechnologyAnnualActivityLowerLimit,NDCcond,ECU,OPEN_BURN,,,,2032,,,,,,
TotalTechnologyAnnualActivityLowerLimit,NDCcond,ECU,OPEN_BURN,,,,2033,,,,,,
TotalTechnologyAnnualActivityLowerLimit,NDCcond,ECU,OPEN_BURN,,,,2034,,,,,,
TotalTechnologyAnnualActivityLowerLimit,NDCcond,ECU,OPEN_BURN,,,,2035,,,,,,
TotalTechnologyAnnualActivityLowerLimit,NDCcond,ECU,SIT_CLAN,,,,2010,,,,,,
TotalTechnologyAnnualActivityLowerLimit,NDCcond,ECU,SIT_CLAN,,,,2011,,,,,,
TotalTechnologyAnnualActivityLowerLimit,NDCcond,ECU,SIT_CLAN,,,,2012,,,,,,
TotalTechnologyAnnualActivityLowerLimit,NDCcond,ECU,SIT_CLAN,,,,2013,,,,,,
TotalTechnologyAnnualActivityLowerLimit,NDCcond,ECU,SIT_CLAN,,,,2014,,,,,,
TotalTechnologyAnnualActivityLowerLimit,NDCcond,ECU,SIT_CLAN,,,,2015,,,,,,
TotalTechnologyAnnualActivityLowerLimit,NDCcond,ECU,SIT_CLAN,,,,2016,,,,,,
TotalTechnologyAnnualActivityLowerLimit,NDCcond,ECU,SIT_CLAN,,,,2017,,,,,,
TotalTechnologyAnnualActivityLowerLimit,NDCcond,ECU,SIT_CLAN,,,,2018,,,,,,
TotalTechnologyAnnualActivityLowerLimit,NDCcond,ECU,SIT_CLAN,,,,2019,,,,,,
TotalTechnologyAnnualActivityLowerLimit,NDCcond,ECU,SIT_CLAN,,,,2020,,,,,,
TotalTechnologyAnnualActivityLowerLimit,NDCcond,ECU,SIT_CLAN,,,,2021,,,,,,
TotalTechnologyAnnualActivityLowerLimit,NDCcond,ECU,SIT_CLAN,,,,2022,,,,,,
TotalTechnologyAnnualActivityLowerLimit,NDCcond,ECU,SIT_CLAN,,,,2023,,,,,,
TotalTechnologyAnnualActivityLowerLimit,NDCcond,ECU,SIT_CLAN,,,,2024,,,,,,
TotalTechnologyAnnualActivityLowerLimit,NDCcond,ECU,SIT_CLAN,,,,2025,,,,,,
TotalTechnologyAnnualActivityLowerLimit,NDCcond,ECU,SIT_CLAN,,,,2026,,,,,,
TotalTechnologyAnnualActivityLowerLimit,NDCcond,ECU,SIT_CLAN,,,,2027,,,,,,
TotalTechnologyAnnualActivityLowerLimit,NDCcond,ECU,SIT_CLAN,,,,2028,,,,,,
TotalTechnologyAnnualActivityLowerLimit,NDCcond,ECU,SIT_CLAN,,,,2029,,,,,,
TotalTechnologyAnnualActivityLowerLimit,NDCcond,ECU,SIT_CLAN,,,,2030,,,,,,
TotalTechnologyAnnualActivityLowerLimit,NDCcond,ECU,SIT_CLAN,,,,2031,,,,,,
TotalTechnologyAnnualActivityLowerLimit,NDCcond,ECU,SIT_CLAN,,,,2032,,,,,,
TotalTechnologyAnnualActivityLowerLimit,NDCcond,ECU,SIT_CLAN,,,,2033,,,,,,
TotalTechnologyAnnualActivityLowerLimit,NDCcond,ECU,SIT_CLAN,,,,2034,,,,,,
TotalTechnologyAnnualActivityLowerLimit,NDCcond,ECU,SIT_CLAN,,,,2035,,,,,,
TotalTechnologyAnnualActivityLowerLimit,NDCcond,ECU,LANDFILL_ELEC,,,,2010,,,,,,0.0
TotalTechnologyAnnualActivityLowerLimit,NDCcond,ECU,LANDFILL_ELEC,,,,2011,,,,,,0.0
TotalTechnologyAnnualActivityLowerLimit,NDCcond,ECU,LANDFILL_ELEC,,,,2012,,,,,,0.0
TotalTechnologyAnnualActivityLowerLimit,NDCcond,ECU,LANDFILL_ELEC,,,,2013,,,,,,0.0
TotalTechnologyAnnualActivityLowerLimit,NDCcond,ECU,LANDFILL_ELEC,,,,2014,,,,,,0.0
TotalTechnologyAnnualActivityLowerLimit,NDCcond,ECU,LANDFILL_ELEC,,,,2015,,,,,,0.0
TotalTechnologyAnnualActivityLowerLimit,NDCcond,ECU,LANDFILL_ELEC,,,,2016,,,,,,0.0
TotalTechnologyAnnualActivityLowerLimit,NDCcond,ECU,LANDFILL_ELEC,,,,2017,,,,,,0.0
TotalTechnologyAnnualActivityLowerLimit,NDCcond,ECU,LANDFILL_ELEC,,,,2018,,,,,,0.0
TotalTechnologyAnnualActivityLowerLimit,NDCcond,ECU,LANDFILL_ELEC,,,,2019,,,,,,0.0
TotalTechnologyAnnualActivityLowerLimit,NDCcond,ECU,LANDFILL_ELEC,,,,2020,,,,,,0.0
TotalTechnologyAnnualActivityLowerLimit,NDCcond,ECU,LANDFILL_ELEC,,,,2021,,,,,,0.003
TotalTechnologyAnnualActivityLowerLimit,NDCcond,ECU,LANDFILL_ELEC,,,,2022,,,,,,0.006
TotalTechnologyAnnualActivityLowerLimit,NDCcond,ECU,LANDFILL_ELEC,,,,2023,,,,,,0.009
TotalTechnologyAnnualActivityLowerLimit,NDCcond,ECU,LANDFILL_ELEC,,,,2024,,,,,,0.012
TotalTechnologyAnnualActivityLowerLimit,NDCcond,ECU,LANDFILL_ELEC,,,,2025,,,,,,0.015
TotalTechnologyAnnualActivityLowerLimit,NDCcond,ECU,LANDFILL_ELEC,,,,2026,,,,,,0.018
TotalTechnologyAnnualActivityLowerLimit,NDCcond,ECU,LANDFILL_ELEC,,,,2027,,,,,,0.021
TotalTechnologyAnnualActivityLowerLimit,NDCcond,ECU,LANDFILL_ELEC,,,,2028,,,,,,0.024
TotalTechnologyAnnualActivityLowerLimit,NDCcond,ECU,LANDFILL_ELEC,,,,2029,,,,,,0.027
TotalTechnologyAnnualActivityLowerLimit,NDCcond,ECU,LANDFILL_ELEC,,,,2030,,,,,,0.03
TotalTechnologyAnnualActivityLowerLimit,NDCcond,ECU,LANDFILL_ELEC,,,,2031,,,,,,0.03
TotalTechnologyAnnualActivityLowerLimit,NDCcond,ECU,LANDFILL_ELEC,,,,2032,,,,,,0.03
TotalTechnologyAnnualActivityLowerLimit,NDCcond,ECU,LANDFILL_ELEC,,,,2033,,,,,,0.03
TotalTechnologyAnnualActivityLowerLimit,NDCcond,ECU,LANDFILL_ELEC,,,,2034,,,,,,0.03
TotalTechnologyAnnualActivityLowerLimit,NDCcond,ECU,LANDFILL_ELEC,,,,2035,,,,,,0.03
TotalTechnologyAnnualActivityLowerLimit,NDCcond,ECU,DWW_DC,,,,2010,,,,,,0.3417
TotalTechnologyAnnualActivityLowerLimit,NDCcond,ECU,DWW_DC,,,,2011,,,,,,0.3468
TotalTechnologyAnnualActivityLowerLimit,NDCcond,ECU,DWW_DC,,,,2012,,,,,,0.3533
TotalTechnologyAnnualActivityLowerLimit,NDCcond,ECU,DWW_DC,,,,2013,,,,,,0.359
TotalTechnologyAnnualActivityLowerLimit,NDCcond,ECU,DWW_DC,,,,2014,,,,,,0.3648
TotalTechnologyAnnualActivityLowerLimit,NDCcond,ECU,DWW_DC,,,,2015,,,,,,0.3705
TotalTechnologyAnnualActivityLowerLimit,NDCcond,ECU,DWW_DC,,,,2016,,,,,,0.3762
TotalTechnologyAnnualActivityLowerLimit,NDCcond,ECU,DWW_DC,,,,2017,,,,,,0.3818
TotalTechnologyAnnualActivityLowerLimit,NDCcond,ECU,DWW_DC,,,,2018,,,,,,0.3874
TotalTechnologyAnnualActivityLowerLimit,NDCcond,ECU,DWW_DC,,,,2019,,,,,,0.3928
TotalTechnologyAnnualActivityLowerLimit,NDCcond,ECU,DWW_DC,,,,2020,,,,,,0.3985
TotalTechnologyAnnualActivityLowerLimit,NDCcond,ECU,DWW_DC,,,,2021,,,,,,0.3991
TotalTechnologyAnnualActivityLowerLimit,NDCcond,ECU,DWW_DC,,,,2022,,,,,,0.3874
TotalTechnologyAnnualActivityLowerLimit,NDCcond,ECU,DWW_DC,,,,2023,,,,,,0.4178
TotalTechnologyAnnualActivityLowerLimit,NDCcond,ECU,DWW_DC,,,,2024,,,,,,0.4491
TotalTechnologyAnnualActivityLowerLimit,NDCcond,ECU,DWW_DC,,,,2025,,,,,,0.4473
TotalTechnologyAnnualActivityLowerLimit,NDCcond,ECU,DWW_DC,,,,2026,,,,,,0.4647
TotalTechnologyAnnualActivityLowerLimit,NDCcond,ECU,DWW_DC,,,,2027,,,,,,0.5455
TotalTechnologyAnnualActivityLowerLimit,NDCcond,ECU,DWW_DC,,,,2028,,,,,,0.5794
TotalTechnologyAnnualActivityLowerLimit,NDCcond,ECU,DWW_DC,,,,2029,,,,,,0.6132
TotalTechnologyAnnualActivityLowerLimit,NDCcond,ECU,DWW_DC,,,,2030,,,,,,0.6471
TotalTechnologyAnnualActivityLowerLimit,NDCcond,ECU,DWW_DC,,,,2031,,,,,,0.6819
TotalTechnologyAnnualActivityLowerLimit,NDCcond,ECU,DWW_DC,,,,2032,,,,,,0.7175
TotalTechnologyAnnualActivityLowerLimit,NDCcond,ECU,DWW_DC,,,,2033,,,,,,0.7531
TotalTechnologyAnnualActivityLowerLimit,NDCcond,ECU,DWW_DC,,,,2034,,,,,,0.7896
TotalTechnologyAnnualActivityLowerLimit,NDCcond,ECU,DWW_DC,,,,2035,,,,,,0.826
TotalTechnologyAnnualActivityLowerLimit,NDCcond,ECU,DWW_N,,,,2010,,,,,,0.086
TotalTechnologyAnnualActivityLowerLimit,NDCcond,ECU,DWW_N,,,,2011,,,,,,0.0874
TotalTechnologyAnnualActivityLowerLimit,NDCcond,ECU,DWW_N,,,,2012,,,,,,0.088
TotalTechnologyAnnualActivityLowerLimit,NDCcond,ECU,DWW_N,,,,2013,,,,,,0.0896
TotalTechnologyAnnualActivityLowerLimit,NDCcond,ECU,DWW_N,,,,2014,,,,,,0.0912
TotalTechnologyAnnualActivityLowerLimit,NDCcond,ECU,DWW_N,,,,2015,,,,,,0.0903
TotalTechnologyAnnualActivityLowerLimit,NDCcond,ECU,DWW_N,,,,2016,,,,,,0.0894
TotalTechnologyAnnualActivityLowerLimit,NDCcond,ECU,DWW_N,,,,2017,,,,,,0.0896
TotalTechnologyAnnualActivityLowerLimit,NDCcond,ECU,DWW_N,,,,2018,,,,,,0.0897
TotalTechnologyAnnualActivityLowerLimit,NDCcond,ECU,DWW_N,,,,2019,,,,,,0.0936
TotalTechnologyAnnualActivityLowerLimit,NDCcond,ECU,DWW_N,,,,2020,,,,,,0.0976
TotalTechnologyAnnualActivityLowerLimit,NDCcond,ECU,DWW_N,,,,2021,,,,,,0.097
TotalTechnologyAnnualActivityLowerLimit,NDCcond,ECU,DWW_N,,,,2022,,,,,,0.0925
TotalTechnologyAnnualActivityLowerLimit,NDCcond,ECU,DWW_N,,,,2023,,,,,,0.0998
TotalTechnologyAnnualActivityLowerLimit,NDCcond,ECU,DWW_N,,,,2024,,,,,,0.1072
TotalTechnologyAnnualActivityLowerLimit,NDCcond,ECU,DWW_N,,,,2025,,,,,,0.1068
TotalTechnologyAnnualActivityLowerLimit,NDCcond,ECU,DWW_N,,,,2026,,,,,,0.111
TotalTechnologyAnnualActivityLowerLimit,NDCcond,ECU,DWW_N,,,,2027,,,,,,0.1302
TotalTechnologyAnnualActivityLowerLimit,NDCcond,ECU,DWW_N,,,,2028,,,,,,0.1383
TotalTechnologyAnnualActivityLowerLimit,NDCcond,ECU,DWW_N,,,,2029,,,,,,0.1464
TotalTechnologyAnnualActivityLowerLimit,NDCcond,ECU,DWW_N,,,,2030,,,,,,0.1545
TotalTechnologyAnnualActivityLowerLimit,NDCcond,ECU,DWW_N,,,,2031,,,,,,0.1628
TotalTechnologyAnnualActivityLowerLimit,NDCcond,ECU,DWW_N,,,,2032,,,,,,0.1713
TotalTechnologyAnnualActivityLowerLimit,NDCcond,ECU,DWW_N,,,,2033,,,,,,0.1798
TotalTechnologyAnnualActivityLowerLimit,NDCcond,ECU,DWW_N,,,,2034,,,,,,0.1885
TotalTechnologyAnnualActivityLowerLimit,NDCcond,ECU,DWW_N,,,,2035,,,,,,0.1972
TotalTechnologyAnnualActivityLowerLimit,NDCcond,ECU,IWW,,,,2010,,,,,,0.2194
TotalTechnologyAnnualActivityLowerLimit,NDCcond,ECU,IWW,,,,2011,,,,,,0.4256
TotalTechnologyAnnualActivityLowerLimit,NDCcond,ECU,IWW,,,,2012,,,,,,0.6318
TotalTechnologyAnnualActivityLowerLimit,NDCcond,ECU,IWW,,,,2013,,,,,,0.448
TotalTechnologyAnnualActivityLowerLimit,NDCcond,ECU,IWW,,,,2014,,,,,,0.2643
TotalTechnologyAnnualActivityLowerLimit,NDCcond,ECU,IWW,,,,2015,,,,,,0.5462
TotalTechnologyAnnualActivityLowerLimit,NDCcond,ECU,IWW,,,,2016,,,,,,0.8281
TotalTechnologyAnnualActivityLowerLimit,NDCcond,ECU,IWW,,,,2017,,,,,,0.8643
TotalTechnologyAnnualActivityLowerLimit,NDCcond,ECU,IWW,,,,2018,,,,,,0.9006
TotalTechnologyAnnualActivityLowerLimit,NDCcond,ECU,IWW,,,,2019,,,,,,0.8604
TotalTechnologyAnnualActivityLowerLimit,NDCcond,ECU,IWW,,,,2020,,,,,,0.8203
TotalTechnologyAnnualActivityLowerLimit,NDCcond,ECU,IWW,,,,2021,,,,,,0.7007
TotalTechnologyAnnualActivityLowerLimit,NDCcond,ECU,IWW,,,,2022,,,,,,0.8504
TotalTechnologyAnnualActivityLowerLimit,NDCcond,ECU,IWW,,,,2023,,,,,,0.9171
TotalTechnologyAnnualActivityLowerLimit,NDCcond,ECU,IWW,,,,2024,,,,,,0.9858
TotalTechnologyAnnualActivityLowerLimit,NDCcond,ECU,IWW,,,,2025,,,,,,0.982
TotalTechnologyAnnualActivityLowerLimit,NDCcond,ECU,IWW,,,,2026,,,,,,1.0201
TotalTechnologyAnnualActivityLowerLimit,NDCcond,ECU,IWW,,,,2027,,,,,,1.1974
TotalTechnologyAnnualActivityLowerLimit,NDCcond,ECU,IWW,,,,2028,,,,,,1.2718
TotalTechnologyAnnualActivityLowerLimit,NDCcond,ECU,IWW,,,,2029,,,,,,1.3461
TotalTechnologyAnnualActivityLowerLimit,NDCcond,ECU,IWW,,,,2030,,,,,,1.4205
TotalTechnologyAnnualActivityLowerLimit,NDCcond,ECU,IWW,,,,2031,,,,,,1.4968
TotalTechnologyAnnualActivityLowerLimit,NDCcond,ECU,IWW,,,,2032,,,,,,1.575
TotalTechnologyAnnualActivityLowerLimit,NDCcond,ECU,IWW,,,,2033,,,,,,1.6531
TotalTechnologyAnnualActivityLowerLimit,NDCcond,ECU,IWW,,,,2034,,,,,,1.7332
TotalTechnologyAnnualActivityLowerLimit,NDCcond,ECU,IWW,,,,2035,,,,,,1.8133
TotalTechnologyAnnualActivityLowerLimit,NDCcond,ECU,PTAR_ER,,,,2010,,,,,,0.0
TotalTechnologyAnnualActivityLowerLimit,NDCcond,ECU,PTAR_ER,,,,2011,,,,,,0.0
TotalTechnologyAnnualActivityLowerLimit,NDCcond,ECU,PTAR_ER,,,,2012,,,,,,0.0
TotalTechnologyAnnualActivityLowerLimit,NDCcond,ECU,PTAR_ER,,,,2013,,,,,,0.0
TotalTechnologyAnnualActivityLowerLimit,NDCcond,ECU,PTAR_ER,,,,2014,,,,,,0.0
TotalTechnologyAnnualActivityLowerLimit,NDCcond,ECU,PTAR_ER,,,,2015,,,,,,0.0
TotalTechnologyAnnualActivityLowerLimit,NDCcond,ECU,PTAR_ER,,,,2016,,,,,,0.0
TotalTechnologyAnnualActivityLowerLimit,NDCcond,ECU,PTAR_ER,,,,2017,,,,,,0.0
TotalTechnologyAnnualActivityLowerLimit,NDCcond,ECU,PTAR_ER,,,,2018,,,,,,0.0
TotalTechnologyAnnualActivityLowerLimit,NDCcond,ECU,PTAR_ER,,,,2019,,,,,,0.0
TotalTechnologyAnnualActivityLowerLimit,NDCcond,ECU,PTAR_ER,,,,2020,,,,,,0.0
TotalTechnologyAnnualActivityLowerLimit,NDCcond,ECU,PTAR_ER,,,,2021,,,,,,0.0
TotalTechnologyAnnualActivityLowerLimit,NDCcond,ECU,PTAR_ER,,,,2022,,,,,,0.0
TotalTechnologyAnnualActivityLowerLimit,NDCcond,ECU,PTAR_ER,,,,2023,,,,,,0.0
TotalTechnologyAnnualActivityLowerLimit,NDCcond,ECU,PTAR_ER,,,,2024,,,,,,0.0
TotalTechnologyAnnualActivityLowerLimit,NDCcond,ECU,PTAR_ER,,,,2025,,,,,,0.0
TotalTechnologyAnnualActivityLowerLimit,NDCcond,ECU,PTAR_ER,,,,2026,,,,,,0.0
TotalTechnologyAnnualActivityLowerLimit,NDCcond,ECU,PTAR_ER,,,,2027,,,,,,0.0
TotalTechnologyAnnualActivityLowerLimit,NDCcond,ECU,PTAR_ER,,,,2028,,,,,,0.0
TotalTechnologyAnnualActivityLowerLimit,NDCcond,ECU,PTAR_ER,,,,2029,,,,,,0.0
TotalTechnologyAnnualActivityLowerLimit,NDCcond,ECU,PTAR_ER,,,,2030,,,,,,0.0
TotalTechnologyAnnualActivityLowerLimit,NDCcond,ECU,PTAR_ER,,,,2031,,,,,,0.0
TotalTechnologyAnnualActivityLowerLimit,NDCcond,ECU,PTAR_ER,,,,2032,,,,,,0.0
TotalTechnologyAnnualActivityLowerLimit,NDCcond,ECU,PTAR_ER,,,,2033,,,,,,0.0
TotalTechnologyAnnualActivityLowerLimit,NDCcond,ECU,PTAR_ER,,,,2034,,,,,,0.0
TotalTechnologyAnnualActivityLowerLimit,NDCcond,ECU,PTAR_ER,,,,2035,,,,,,0.0
TotalTechnologyAnnualActivityLowerLimit,NDCcond,ECU,OSS_INORG,,,,2010,,,,,,1.6787
TotalTechnologyAnnualActivityLowerLimit,NDCcond,ECU,OSS_INORG,,,,2011,,,,,,1.7402
TotalTechnologyAnnualActivityLowerLimit,NDCcond,ECU,OSS_INORG,,,,2012,,,,,,1.7947
TotalTechnologyAnnualActivityLowerLimit,NDCcond,ECU,OSS_INORG,,,,2013,,,,,,2.0486
TotalTechnologyAnnualActivityLowerLimit,NDCcond,ECU,OSS_INORG,,,,2014,,,,,,2.3216
TotalTechnologyAnnualActivityLowerLimit,NDCcond,ECU,OSS_INORG,,,,2015,,,,,,2.1864
TotalTechnologyAnnualActivityLowerLimit,NDCcond,ECU,OSS_INORG,,,,2016,,,,,,2.0872
TotalTechnologyAnnualActivityLowerLimit,NDCcond,ECU,OSS_INORG,,,,2017,,,,,,2.0809
TotalTechnologyAnnualActivityLowerLimit,NDCcond,ECU,OSS_INORG,,,,2018,,,,,,2.0811
TotalTechnologyAnnualActivityLowerLimit,NDCcond,ECU,OSS_INORG,,,,2019,,,,,,2.0895
TotalTechnologyAnnualActivityLowerLimit,NDCcond,ECU,OSS_INORG,,,,2020,,,,,,2.0978
TotalTechnologyAnnualActivityLowerLimit,NDCcond,ECU,OSS_INORG,,,,2021,,,,,,2.1521
TotalTechnologyAnnualActivityLowerLimit,NDCcond,ECU,OSS_INORG,,,,2022,,,,,,2.2359
TotalTechnologyAnnualActivityLowerLimit,NDCcond,ECU,OSS_INORG,,,,2023,,,,,,2.3653
TotalTechnologyAnnualActivityLowerLimit,NDCcond,ECU,OSS_INORG,,,,2024,,,,,,2.497
TotalTechnologyAnnualActivityLowerLimit,NDCcond,ECU,OSS_INORG,,,,2025,,,,,,2.6309
TotalTechnologyAnnualActivityLowerLimit,NDCcond,ECU,OSS_INORG,,,,2026,,,,,,2.767
TotalTechnologyAnnualActivityLowerLimit,NDCcond,ECU,OSS_INORG,,,,2027,,,,,,2.9052
TotalTechnologyAnnualActivityLowerLimit,NDCcond,ECU,OSS_INORG,,,,2028,,,,,,3.0455
TotalTechnologyAnnualActivityLowerLimit,NDCcond,ECU,OSS_INORG,,,,2029,,,,,,3.1879
TotalTechnologyAnnualActivityLowerLimit,NDCcond,ECU,OSS_INORG,,,,2030,,,,,,3.3321
TotalTechnologyAnnualActivityLowerLimit,NDCcond,ECU,OSS_INORG,,,,2031,,,,,,3.3972
TotalTechnologyAnnualActivityLowerLimit,NDCcond,ECU,OSS_INORG,,,,2032,,,,,,3.4624
TotalTechnologyAnnualActivityLowerLimit,NDCcond,ECU,OSS_INORG,,,,2033,,,,,,3.5275
TotalTechnologyAnnualActivityLowerLimit,NDCcond,ECU,OSS_INORG,,,,2034,,,,,,3.5926
TotalTechnologyAnnualActivityLowerLimit,NDCcond,ECU,OSS_INORG,,,,2035,,,,,,3.6577
TotalTechnologyAnnualActivityLowerLimit,NDCcond,ECU,OSS_ORG,,,,2010,,,,,,0.0055
TotalTechnologyAnnualActivityLowerLimit,NDCcond,ECU,OSS_ORG,,,,2011,,,,,,0.0064
TotalTechnologyAnnualActivityLowerLimit,NDCcond,ECU,OSS_ORG,,,,2012,,,,,,0.0073
TotalTechnologyAnnualActivityLowerLimit,NDCcond,ECU,OSS_ORG,,,,2013,,,,,,0.0222
TotalTechnologyAnnualActivityLowerLimit,NDCcond,ECU,OSS_ORG,,,,2014,,,,,,0.0372
TotalTechnologyAnnualActivityLowerLimit,NDCcond,ECU,OSS_ORG,,,,2015,,,,,,0.0322
TotalTechnologyAnnualActivityLowerLimit,NDCcond,ECU,OSS_ORG,,,,2016,,,,,,0.0272
TotalTechnologyAnnualActivityLowerLimit,NDCcond,ECU,OSS_ORG,,,,2017,,,,,,0.0305
TotalTechnologyAnnualActivityLowerLimit,NDCcond,ECU,OSS_ORG,,,,2018,,,,,,0.0338
TotalTechnologyAnnualActivityLowerLimit,NDCcond,ECU,OSS_ORG,,,,2019,,,,,,0.0353
TotalTechnologyAnnualActivityLowerLimit,NDCcond,ECU,OSS_ORG,,,,2020,,,,,,0.0368
TotalTechnologyAnnualActivityLowerLimit,NDCcond,ECU,OSS_ORG,,,,2021,,,,,,0.0385
TotalTechnologyAnnualActivityLowerLimit,NDCcond,ECU,OSS_ORG,,,,2022,,,,,,0.0337
TotalTechnologyAnnualActivityLowerLimit,NDCcond,ECU,OSS_ORG,,,,2023,,,,,,0.0356
TotalTechnologyAnnualActivityLowerLimit,NDCcond,ECU,OSS_ORG,,,,2024,,,,,,0.0376
TotalTechnologyAnnualActivityLowerLimit,NDCcond,ECU,OSS_ORG,,,,2025,,,,,,0.0396
TotalTechnologyAnnualActivityLowerLimit,NDCcond,ECU,OSS_ORG,,,,2026,,,,,,0.0417
TotalTechnologyAnnualActivityLowerLimit,NDCcond,ECU,OSS_ORG,,,,2027,,,,,,0.0437
TotalTechnologyAnnualActivityLowerLimit,NDCcond,ECU,OSS_ORG,,,,2028,,,,,,0.0459
TotalTechnologyAnnualActivityLowerLimit,NDCcond,ECU,OSS_ORG,,,,2029,,,,,,0.048
TotalTechnologyAnnualActivityLowerLimit,NDCcond,ECU,OSS_ORG,,,,2030,,,,,,0.0502
TotalTechnologyAnnualActivityLowerLimit,NDCcond,ECU,OSS_ORG,,,,2031,,,,,,0.0512
TotalTechnologyAnnualActivityLowerLimit,NDCcond,ECU,OSS_ORG,,,,2032,,,,,,0.0521
TotalTechnologyAnnualActivityLowerLimit,NDCcond,ECU,OSS_ORG,,,,2033,,,,,,0.0531
TotalTechnologyAnnualActivityLowerLimit,NDCcond,ECU,OSS_ORG,,,,2034,,,,,,0.0541
TotalTechnologyAnnualActivityLowerLimit,NDCcond,ECU,OSS_ORG,,,,2035,,,,,,0.0551
TotalTechnologyAnnualActivityLowerLimit,NDCcond,ECU,NO_OSS_BLEND,,,,2010,,,,,,2.383
TotalTechnologyAnnualActivityLowerLimit,NDCcond,ECU,NO_OSS_BLEND,,,,2011,,,,,,2.4696
TotalTechnologyAnnualActivityLowerLimit,NDCcond,ECU,NO_OSS_BLEND,,,,2012,,,,,,2.5462
TotalTechnologyAnnualActivityLowerLimit,NDCcond,ECU,NO_OSS_BLEND,,,,2013,,,,,,2.8926
TotalTechnologyAnnualActivityLowerLimit,NDCcond,ECU,NO_OSS_BLEND,,,,2014,,,,,,3.266
TotalTechnologyAnnualActivityLowerLimit,NDCcond,ECU,NO_OSS_BLEND,,,,2015,,,,,,3.0786
TotalTechnologyAnnualActivityLowerLimit,NDCcond,ECU,NO_OSS_BLEND,,,,2016,,,,,,2.9425
TotalTechnologyAnnualActivityLowerLimit,NDCcond,ECU,NO_OSS_BLEND,,,,2017,,,,,,2.9302
TotalTechnologyAnnualActivityLowerLimit,NDCcond,ECU,NO_OSS_BLEND,,,,2018,,,,,,2.9272
TotalTechnologyAnnualActivityLowerLimit,NDCcond,ECU,NO_OSS_BLEND,,,,2019,,,,,,2.9377
TotalTechnologyAnnualActivityLowerLimit,NDCcond,ECU,NO_OSS_BLEND,,,,2020,,,,,,2.948
TotalTechnologyAnnualActivityLowerLimit,NDCcond,ECU,NO_OSS_BLEND,,,,2021,,,,,,3.0235
TotalTechnologyAnnualActivityLowerLimit,NDCcond,ECU,NO_OSS_BLEND,,,,2022,,,,,,3.1476
TotalTechnologyAnnualActivityLowerLimit,NDCcond,ECU,NO_OSS_BLEND,,,,2023,,,,,,3.3295
TotalTechnologyAnnualActivityLowerLimit,NDCcond,ECU,NO_OSS_BLEND,,,,2024,,,,,,3.5149
TotalTechnologyAnnualActivityLowerLimit,NDCcond,ECU,NO_OSS_BLEND,,,,2025,,,,,,3.7035
TotalTechnologyAnnualActivityLowerLimit,NDCcond,ECU,NO_OSS_BLEND,,,,2026,,,,,,3.8951
TotalTechnologyAnnualActivityLowerLimit,NDCcond,ECU,NO_OSS_BLEND,,,,2027,,,,,,4.0897
TotalTechnologyAnnualActivityLowerLimit,NDCcond,ECU,NO_OSS_BLEND,,,,2028,,,,,,4.2871
TotalTechnologyAnnualActivityLowerLimit,NDCcond,ECU,NO_OSS_BLEND,,,,2029,,,,,,4.4876
TotalTechnologyAnnualActivityLowerLimit,NDCcond,ECU,NO_OSS_BLEND,,,,2030,,,,,,4.6907
TotalTechnologyAnnualActivityLowerLimit,NDCcond,ECU,NO_OSS_BLEND,,,,2031,,,,,,4.7822
TotalTechnologyAnnualActivityLowerLimit,NDCcond,ECU,NO_OSS_BLEND,,,,2032,,,,,,4.874
TotalTechnologyAnnualActivityLowerLimit,NDCcond,ECU,NO_OSS_BLEND,,,,2033,,,,,,4.9657
TotalTechnologyAnnualActivityLowerLimit,NDCcond,ECU,NO_OSS_BLEND,,,,2034,,,,,,5.0574
TotalTechnologyAnnualActivityLowerLimit,NDCcond,ECU,NO_OSS_BLEND,,,,2035,,,,,,5.149
TotalTechnologyAnnualActivityLowerLimit,NDCcond,ECU,NO_OSS_NO_COLL,,,,2010,,,,,,0.0
TotalTechnologyAnnualActivityLowerLimit,NDCcond,ECU,NO_OSS_NO_COLL,,,,2011,,,,,,0.0
TotalTechnologyAnnualActivityLowerLimit,NDCcond,ECU,NO_OSS_NO_COLL,,,,2012,,,,,,0.0
TotalTechnologyAnnualActivityLowerLimit,NDCcond,ECU,NO_OSS_NO_COLL,,,,2013,,,,,,0.0
TotalTechnologyAnnualActivityLowerLimit,NDCcond,ECU,NO_OSS_NO_COLL,,,,2014,,,,,,0.0
TotalTechnologyAnnualActivityLowerLimit,NDCcond,ECU,NO_OSS_NO_COLL,,,,2015,,,,,,0.0
TotalTechnologyAnnualActivityLowerLimit,NDCcond,ECU,NO_OSS_NO_COLL,,,,2016,,,,,,0.0
TotalTechnologyAnnualActivityLowerLimit,NDCcond,ECU,NO_OSS_NO_COLL,,,,2017,,,,,,0.0
TotalTechnologyAnnualActivityLowerLimit,NDCcond,ECU,NO_OSS_NO_COLL,,,,2018,,,,,,0.0
TotalTechnologyAnnualActivityLowerLimit,NDCcond,ECU,NO_OSS_NO_COLL,,,,2019,,,,,,0.0
TotalTechnologyAnnualActivityLowerLimit,NDCcond,ECU,NO_OSS_NO_COLL,,,,2020,,,,,,0.0
TotalTechnologyAnnualActivityLowerLimit,NDCcond,ECU,NO_OSS_NO_COLL,,,,2021,,,,,,0.0
TotalTechnologyAnnualActivityLowerLimit,NDCcond,ECU,NO_OSS_NO_COLL,,,,2022,,,,,,0.0
TotalTechnologyAnnualActivityLowerLimit,NDCcond,ECU,NO_OSS_NO_COLL,,,,2023,,,,,,0.0
TotalTechnologyAnnualActivityLowerLimit,NDCcond,ECU,NO_OSS_NO_COLL,,,,2024,,,,,,0.0
TotalTechnologyAnnualActivityLowerLimit,NDCcond,ECU,NO_OSS_NO_COLL,,,,2025,,,,,,0.0
TotalTechnologyAnnualActivityLowerLimit,NDCcond,ECU,NO_OSS_NO_COLL,,,,2026,,,,,,0.0
TotalTechnologyAnnualActivityLowerLimit,NDCcond,ECU,NO_OSS_NO_COLL,,,,2027,,,,,,0.0
TotalTechnologyAnnualActivityLowerLimit,NDCcond,ECU,NO_OSS_NO_COLL,,,,2028,,,,,,0.0
TotalTechnologyAnnualActivityLowerLimit,NDCcond,ECU,NO_OSS_NO_COLL,,,,2029,,,,,,0.0
TotalTechnologyAnnualActivityLowerLimit,NDCcond,ECU,NO_OSS_NO_COLL,,,,2030,,,,,,0.0
TotalTechnologyAnnualActivityLowerLimit,NDCcond,ECU,NO_OSS_NO_COLL,,,,2031,,,,,,0.0
TotalTechnologyAnnualActivityLowerLimit,NDCcond,ECU,NO_OSS_NO_COLL,,,,2032,,,,,,0.0
TotalTechnologyAnnualActivityLowerLimit,NDCcond,ECU,NO_OSS_NO_COLL,,,,2033,,,,,,0.0
TotalTechnologyAnnualActivityLowerLimit,NDCcond,ECU,NO_OSS_NO_COLL,,,,2034,,,,,,0.0
TotalTechnologyAnnualActivityLowerLimit,NDCcond,ECU,NO_OSS_NO_COLL,,,,2035,,,,,,0.0
TotalTechnologyAnnualActivityLowerLimit,NDCcond,ECU,INORG_DCOLL,,,,2010,,,,,,1.6787
TotalTechnologyAnnualActivityLowerLimit,NDCcond,ECU,INORG_DCOLL,,,,2011,,,,,,1.7402
TotalTechnologyAnnualActivityLowerLimit,NDCcond,ECU,INORG_DCOLL,,,,2012,,,,,,1.7947
TotalTechnologyAnnualActivityLowerLimit,NDCcond,ECU,INORG_DCOLL,,,,2013,,,,,,2.0486
TotalTechnologyAnnualActivityLowerLimit,NDCcond,ECU,INORG_DCOLL,,,,2014,,,,,,2.3216
TotalTechnologyAnnualActivityLowerLimit,NDCcond,ECU,INORG_DCOLL,,,,2015,,,,,,2.1864
TotalTechnologyAnnualActivityLowerLimit,NDCcond,ECU,INORG_DCOLL,,,,2016,,,,,,2.0872
TotalTechnologyAnnualActivityLowerLimit,NDCcond,ECU,INORG_DCOLL,,,,2017,,,,,,2.0809
TotalTechnologyAnnualActivityLowerLimit,NDCcond,ECU,INORG_DCOLL,,,,2018,,,,,,2.0811
TotalTechnologyAnnualActivityLowerLimit,NDCcond,ECU,INORG_DCOLL,,,,2019,,,,,,2.0895
TotalTechnologyAnnualActivityLowerLimit,NDCcond,ECU,INORG_DCOLL,,,,2020,,,,,,2.0978
TotalTechnologyAnnualActivityLowerLimit,NDCcond,ECU,INORG_DCOLL,,,,2021,,,,,,2.1521
TotalTechnologyAnnualActivityLowerLimit,NDCcond,ECU,INORG_DCOLL,,,,2022,,,,,,2.2359
TotalTechnologyAnnualActivityLowerLimit,NDCcond,ECU,INORG_DCOLL,,,,2023,,,,,,2.3653
TotalTechnologyAnnualActivityLowerLimit,NDCcond,ECU,INORG_DCOLL,,,,2024,,,,,,2.497
TotalTechnologyAnnualActivityLowerLimit,NDCcond,ECU,INORG_DCOLL,,,,2025,,,,,,2.6309
TotalTechnologyAnnualActivityLowerLimit,NDCcond,ECU,INORG_DCOLL,,,,2026,,,,,,2.767
TotalTechnologyAnnualActivityLowerLimit,NDCcond,ECU,INORG_DCOLL,,,,2027,,,,,,2.9052
TotalTechnologyAnnualActivityLowerLimit,NDCcond,ECU,INORG_DCOLL,,,,2028,,,,,,3.0455
TotalTechnologyAnnualActivityLowerLimit,NDCcond,ECU,INORG_DCOLL,,,,2029,,,,,,3.1879
TotalTechnologyAnnualActivityLowerLimit,NDCcond,ECU,INORG_DCOLL,,,,2030,,,,,,3.3321
TotalTechnologyAnnualActivityLowerLimit,NDCcond,ECU,INORG_DCOLL,,,,2031,,,,,,3.3972
TotalTechnologyAnnualActivityLowerLimit,NDCcond,ECU,INORG_DCOLL,,,,2032,,,,,,3.4624
TotalTechnologyAnnualActivityLowerLimit,NDCcond,ECU,INORG_DCOLL,,,,2033,,,,,,3.5275
TotalTechnologyAnnualActivityLowerLimit,NDCcond,ECU,INORG_DCOLL,,,,2034,,,,,,3.5926
TotalTechnologyAnnualActivityLowerLimit,NDCcond,ECU,INORG_DCOLL,,,,2035,,,,,,3.6577
TotalTechnologyAnnualActivityLowerLimit,NDCcond,ECU,ORG_DCOLL,,,,2010,,,,,,0.0055
TotalTechnologyAnnualActivityLowerLimit,NDCcond,ECU,ORG_DCOLL,,,,2011,,,,,,0.0064
TotalTechnologyAnnualActivityLowerLimit,NDCcond,ECU,ORG_DCOLL,,,,2012,,,,,,0.0073
TotalTechnologyAnnualActivityLowerLimit,NDCcond,ECU,ORG_DCOLL,,,,2013,,,,,,0.0222
TotalTechnologyAnnualActivityLowerLimit,NDCcond,ECU,ORG_DCOLL,,,,2014,,,,,,0.0372
TotalTechnologyAnnualActivityLowerLimit,NDCcond,ECU,ORG_DCOLL,,,,2015,,,,,,0.0322
TotalTechnologyAnnualActivityLowerLimit,NDCcond,ECU,ORG_DCOLL,,,,2016,,,,,,0.0272
TotalTechnologyAnnualActivityLowerLimit,NDCcond,ECU,ORG_DCOLL,,,,2017,,,,,,0.0305
TotalTechnologyAnnualActivityLowerLimit,NDCcond,ECU,ORG_DCOLL,,,,2018,,,,,,0.0338
TotalTechnologyAnnualActivityLowerLimit,NDCcond,ECU,ORG_DCOLL,,,,2019,,,,,,0.0353
TotalTechnologyAnnualActivityLowerLimit,NDCcond,ECU,ORG_DCOLL,,,,2020,,,,,,0.0368
TotalTechnologyAnnualActivityLowerLimit,NDCcond,ECU,ORG_DCOLL,,,,2021,,,,,,0.0385
TotalTechnologyAnnualActivityLowerLimit,NDCcond,ECU,ORG_DCOLL,,,,2022,,,,,,0.0337
TotalTechnologyAnnualActivityLowerLimit,NDCcond,ECU,ORG_DCOLL,,,,2023,,,,,,0.0356
TotalTechnologyAnnualActivityLowerLimit,NDCcond,ECU,ORG_DCOLL,,,,2024,,,,,,0.0376
TotalTechnologyAnnualActivityLowerLimit,NDCcond,ECU,ORG_DCOLL,,,,2025,,,,,,0.0396
TotalTechnologyAnnualActivityLowerLimit,NDCcond,ECU,ORG_DCOLL,,,,2026,,,,,,0.0417
TotalTechnologyAnnualActivityLowerLimit,NDCcond,ECU,ORG_DCOLL,,,,2027,,,,,,0.0437
TotalTechnologyAnnualActivityLowerLimit,NDCcond,ECU,ORG_DCOLL,,,,2028,,,,,,0.0459
TotalTechnologyAnnualActivityLowerLimit,NDCcond,ECU,ORG_DCOLL,,,,2029,,,,,,0.048
TotalTechnologyAnnualActivityLowerLimit,NDCcond,ECU,ORG_DCOLL,,,,2030,,,,,,0.0502
TotalTechnologyAnnualActivityLowerLimit,NDCcond,ECU,ORG_DCOLL,,,,2031,,,,,,0.0512
TotalTechnologyAnnualActivityLowerLimit,NDCcond,ECU,ORG_DCOLL,,,,2032,,,,,,0.0521
TotalTechnologyAnnualActivityLowerLimit,NDCcond,ECU,ORG_DCOLL,,,,2033,,,,,,0.0531
TotalTechnologyAnnualActivityLowerLimit,NDCcond,ECU,ORG_DCOLL,,,,2034,,,,,,0.0541
TotalTechnologyAnnualActivityLowerLimit,NDCcond,ECU,ORG_DCOLL,,,,2035,,,,,,0.0551
TotalTechnologyAnnualActivityLowerLimit,NDCcond,ECU,BLEND_NO_DCOLL,,,,2010,,,,,,2.383
TotalTechnologyAnnualActivityLowerLimit,NDCcond,ECU,BLEND_NO_DCOLL,,,,2011,,,,,,2.4696
TotalTechnologyAnnualActivityLowerLimit,NDCcond,ECU,BLEND_NO_DCOLL,,,,2012,,,,,,2.5462
TotalTechnologyAnnualActivityLowerLimit,NDCcond,ECU,BLEND_NO_DCOLL,,,,2013,,,,,,2.8926
TotalTechnologyAnnualActivityLowerLimit,NDCcond,ECU,BLEND_NO_DCOLL,,,,2014,,,,,,3.266
TotalTechnologyAnnualActivityLowerLimit,NDCcond,ECU,BLEND_NO_DCOLL,,,,2015,,,,,,3.0786
TotalTechnologyAnnualActivityLowerLimit,NDCcond,ECU,BLEND_NO_DCOLL,,,,2016,,,,,,2.9425
TotalTechnologyAnnualActivityLowerLimit,NDCcond,ECU,BLEND_NO_DCOLL,,,,2017,,,,,,2.9302
TotalTechnologyAnnualActivityLowerLimit,NDCcond,ECU,BLEND_NO_DCOLL,,,,2018,,,,,,2.9272
TotalTechnologyAnnualActivityLowerLimit,NDCcond,ECU,BLEND_NO_DCOLL,,,,2019,,,,,,2.9377
TotalTechnologyAnnualActivityLowerLimit,NDCcond,ECU,BLEND_NO_DCOLL,,,,2020,,,,,,2.948
TotalTechnologyAnnualActivityLowerLimit,NDCcond,ECU,BLEND_NO_DCOLL,,,,2021,,,,,,3.0235
TotalTechnologyAnnualActivityLowerLimit,NDCcond,ECU,BLEND_NO_DCOLL,,,,2022,,,,,,3.1476
TotalTechnologyAnnualActivityLowerLimit,NDCcond,ECU,BLEND_NO_DCOLL,,,,2023,,,,,,3.3295
TotalTechnologyAnnualActivityLowerLimit,NDCcond,ECU,BLEND_NO_DCOLL,,,,2024,,,,,,3.5149
TotalTechnologyAnnualActivityLowerLimit,NDCcond,ECU,BLEND_NO_DCOLL,,,,2025,,,,,,3.7035
TotalTechnologyAnnualActivityLowerLimit,NDCcond,ECU,BLEND_NO_DCOLL,,,,2026,,,,,,3.8951
TotalTechnologyAnnualActivityLowerLimit,NDCcond,ECU,BLEND_NO_DCOLL,,,,2027,,,,,,4.0897
TotalTechnologyAnnualActivityLowerLimit,NDCcond,ECU,BLEND_NO_DCOLL,,,,2028,,,,,,4.2871
TotalTechnologyAnnualActivityLowerLimit,NDCcond,ECU,BLEND_NO_DCOLL,,,,2029,,,,,,4.4876
TotalTechnologyAnnualActivityLowerLimit,NDCcond,ECU,BLEND_NO_DCOLL,,,,2030,,,,,,4.6907
TotalTechnologyAnnualActivityLowerLimit,NDCcond,ECU,BLEND_NO_DCOLL,,,,2031,,,,,,4.7822
TotalTechnologyAnnualActivityLowerLimit,NDCcond,ECU,BLEND_NO_DCOLL,,,,2032,,,,,,4.874
TotalTechnologyAnnualActivityLowerLimit,NDCcond,ECU,BLEND_NO_DCOLL,,,,2033,,,,,,4.9657
TotalTechnologyAnnualActivityLowerLimit,NDCcond,ECU,BLEND_NO_DCOLL,,,,2034,,,,,,5.0574
TotalTechnologyAnnualActivityLowerLimit,NDCcond,ECU,BLEND_NO_DCOLL,,,,2035,,,,,,5.149
TotalTechnologyAnnualActivityLowerLimit,NDCcond,ECU,BLEND_NO_COLL,,,,2010,,,,,,0.0
TotalTechnologyAnnualActivityLowerLimit,NDCcond,ECU,BLEND_NO_COLL,,,,2011,,,,,,0.0
TotalTechnologyAnnualActivityLowerLimit,NDCcond,ECU,BLEND_NO_COLL,,,,2012,,,,,,0.0
TotalTechnologyAnnualActivityLowerLimit,NDCcond,ECU,BLEND_NO_COLL,,,,2013,,,,,,0.0
TotalTechnologyAnnualActivityLowerLimit,NDCcond,ECU,BLEND_NO_COLL,,,,2014,,,,,,0.0
TotalTechnologyAnnualActivityLowerLimit,NDCcond,ECU,BLEND_NO_COLL,,,,2015,,,,,,0.0
TotalTechnologyAnnualActivityLowerLimit,NDCcond,ECU,BLEND_NO_COLL,,,,2016,,,,,,0.0
TotalTechnologyAnnualActivityLowerLimit,NDCcond,ECU,BLEND_NO_COLL,,,,2017,,,,,,0.0
TotalTechnologyAnnualActivityLowerLimit,NDCcond,ECU,BLEND_NO_COLL,,,,2018,,,,,,0.0
TotalTechnologyAnnualActivityLowerLimit,NDCcond,ECU,BLEND_NO_COLL,,,,2019,,,,,,0.0
TotalTechnologyAnnualActivityLowerLimit,NDCcond,ECU,BLEND_NO_COLL,,,,2020,,,,,,0.0
TotalTechnologyAnnualActivityLowerLimit,NDCcond,ECU,BLEND_NO_COLL,,,,2021,,,,,,0.0
TotalTechnologyAnnualActivityLowerLimit,NDCcond,ECU,BLEND_NO_COLL,,,,2022,,,,,,0.0
TotalTechnologyAnnualActivityLowerLimit,NDCcond,ECU,BLEND_NO_COLL,,,,2023,,,,,,0.0
TotalTechnologyAnnualActivityLowerLimit,NDCcond,ECU,BLEND_NO_COLL,,,,2024,,,,,,0.0
TotalTechnologyAnnualActivityLowerLimit,NDCcond,ECU,BLEND_NO_COLL,,,,2025,,,,,,0.0
TotalTechnologyAnnualActivityLowerLimit,NDCcond,ECU,BLEND_NO_COLL,,,,2026,,,,,,0.0
TotalTechnologyAnnualActivityLowerLimit,NDCcond,ECU,BLEND_NO_COLL,,,,2027,,,,,,0.0
TotalTechnologyAnnualActivityLowerLimit,NDCcond,ECU,BLEND_NO_COLL,,,,2028,,,,,,0.0
TotalTechnologyAnnualActivityLowerLimit,NDCcond,ECU,BLEND_NO_COLL,,,,2029,,,,,,0.0
TotalTechnologyAnnualActivityLowerLimit,NDCcond,ECU,BLEND_NO_COLL,,,,2030,,,,,,0.0
TotalTechnologyAnnualActivityLowerLimit,NDCcond,ECU,BLEND_NO_COLL,,,,2031,,,,,,0.0
TotalTechnologyAnnualActivityLowerLimit,NDCcond,ECU,BLEND_NO_COLL,,,,2032,,,,,,0.0
TotalTechnologyAnnualActivityLowerLimit,NDCcond,ECU,BLEND_NO_COLL,,,,2033,,,,,,0.0
TotalTechnologyAnnualActivityLowerLimit,NDCcond,ECU,BLEND_NO_COLL,,,,2034,,,,,,0.0
TotalTechnologyAnnualActivityLowerLimit,NDCcond,ECU,BLEND_NO_COLL,,,,2035,,,,,,0.0
TotalTechnologyAnnualActivityLowerLimit,NDCcond,ECU,INORG_SS,,,,2010,,,,,,1.6787
TotalTechnologyAnnualActivityLowerLimit,NDCcond,ECU,INORG_SS,,,,2011,,,,,,1.7402
TotalTechnologyAnnualActivityLowerLimit,NDCcond,ECU,INORG_SS,,,,2012,,,,,,1.7947
TotalTechnologyAnnualActivityLowerLimit,NDCcond,ECU,INORG_SS,,,,2013,,,,,,2.0486
TotalTechnologyAnnualActivityLowerLimit,NDCcond,ECU,INORG_SS,,,,2014,,,,,,2.3216
TotalTechnologyAnnualActivityLowerLimit,NDCcond,ECU,INORG_SS,,,,2015,,,,,,2.1864
TotalTechnologyAnnualActivityLowerLimit,NDCcond,ECU,INORG_SS,,,,2016,,,,,,2.0872
TotalTechnologyAnnualActivityLowerLimit,NDCcond,ECU,INORG_SS,,,,2017,,,,,,2.0809
TotalTechnologyAnnualActivityLowerLimit,NDCcond,ECU,INORG_SS,,,,2018,,,,,,2.0811
TotalTechnologyAnnualActivityLowerLimit,NDCcond,ECU,INORG_SS,,,,2019,,,,,,2.0895
TotalTechnologyAnnualActivityLowerLimit,NDCcond,ECU,INORG_SS,,,,2020,,,,,,2.0978
TotalTechnologyAnnualActivityLowerLimit,NDCcond,ECU,INORG_SS,,,,2021,,,,,,2.1521
TotalTechnologyAnnualActivityLowerLimit,NDCcond,ECU,INORG_SS,,,,2022,,,,,,2.2359
TotalTechnologyAnnualActivityLowerLimit,NDCcond,ECU,INORG_SS,,,,2023,,,,,,2.3653
TotalTechnologyAnnualActivityLowerLimit,NDCcond,ECU,INORG_SS,,,,2024,,,,,,2.497
TotalTechnologyAnnualActivityLowerLimit,NDCcond,ECU,INORG_SS,,,,2025,,,,,,2.6309
TotalTechnologyAnnualActivityLowerLimit,NDCcond,ECU,INORG_SS,,,,2026,,,,,,2.767
TotalTechnologyAnnualActivityLowerLimit,NDCcond,ECU,INORG_SS,,,,2027,,,,,,2.9052
TotalTechnologyAnnualActivityLowerLimit,NDCcond,ECU,INORG_SS,,,,2028,,,,,,3.0455
TotalTechnologyAnnualActivityLowerLimit,NDCcond,ECU,INORG_SS,,,,2029,,,,,,3.1879
TotalTechnologyAnnualActivityLowerLimit,NDCcond,ECU,INORG_SS,,,,2030,,,,,,3.3321
TotalTechnologyAnnualActivityLowerLimit,NDCcond,ECU,INORG_SS,,,,2031,,,,,,3.3972
TotalTechnologyAnnualActivityLowerLimit,NDCcond,ECU,INORG_SS,,,,2032,,,,,,3.4624
TotalTechnologyAnnualActivityLowerLimit,NDCcond,ECU,INORG_SS,,,,2033,,,,,,3.5275
TotalTechnologyAnnualActivityLowerLimit,NDCcond,ECU,INORG_SS,,,,2034,,,,,,3.5926
TotalTechnologyAnnualActivityLowerLimit,NDCcond,ECU,INORG_SS,,,,2035,,,,,,3.6577
TotalTechnologyAnnualActivityLowerLimit,NDCcond,ECU,ORG_SS,,,,2010,,,,,,0.0055
TotalTechnologyAnnualActivityLowerLimit,NDCcond,ECU,ORG_SS,,,,2011,,,,,,0.0064
TotalTechnologyAnnualActivityLowerLimit,NDCcond,ECU,ORG_SS,,,,2012,,,,,,0.0073
TotalTechnologyAnnualActivityLowerLimit,NDCcond,ECU,ORG_SS,,,,2013,,,,,,0.0222
TotalTechnologyAnnualActivityLowerLimit,NDCcond,ECU,ORG_SS,,,,2014,,,,,,0.0372
TotalTechnologyAnnualActivityLowerLimit,NDCcond,ECU,ORG_SS,,,,2015,,,,,,0.0322
TotalTechnologyAnnualActivityLowerLimit,NDCcond,ECU,ORG_SS,,,,2016,,,,,,0.0272
TotalTechnologyAnnualActivityLowerLimit,NDCcond,ECU,ORG_SS,,,,2017,,,,,,0.0305
TotalTechnologyAnnualActivityLowerLimit,NDCcond,ECU,ORG_SS,,,,2018,,,,,,0.0338
TotalTechnologyAnnualActivityLowerLimit,NDCcond,ECU,ORG_SS,,,,2019,,,,,,0.0353
TotalTechnologyAnnualActivityLowerLimit,NDCcond,ECU,ORG_SS,,,,2020,,,,,,0.0368
TotalTechnologyAnnualActivityLowerLimit,NDCcond,ECU,ORG_SS,,,,2021,,,,,,0.0385
TotalTechnologyAnnualActivityLowerLimit,NDCcond,ECU,ORG_SS,,,,2022,,,,,,0.0337
TotalTechnologyAnnualActivityLowerLimit,NDCcond,ECU,ORG_SS,,,,2023,,,,,,0.0356
TotalTechnologyAnnualActivityLowerLimit,NDCcond,ECU,ORG_SS,,,,2024,,,,,,0.0376
TotalTechnologyAnnualActivityLowerLimit,NDCcond,ECU,ORG_SS,,,,2025,,,,,,0.0396
TotalTechnologyAnnualActivityLowerLimit,NDCcond,ECU,ORG_SS,,,,2026,,,,,,0.0417
TotalTechnologyAnnualActivityLowerLimit,NDCcond,ECU,ORG_SS,,,,2027,,,,,,0.0437
TotalTechnologyAnnualActivityLowerLimit,NDCcond,ECU,ORG_SS,,,,2028,,,,,,0.0459
TotalTechnologyAnnualActivityLowerLimit,NDCcond,ECU,ORG_SS,,,,2029,,,,,,0.048
TotalTechnologyAnnualActivityLowerLimit,NDCcond,ECU,ORG_SS,,,,2030,,,,,,0.0502
TotalTechnologyAnnualActivityLowerLimit,NDCcond,ECU,ORG_SS,,,,2031,,,,,,0.0512
TotalTechnologyAnnualActivityLowerLimit,NDCcond,ECU,ORG_SS,,,,2032,,,,,,0.0521
TotalTechnologyAnnualActivityLowerLimit,NDCcond,ECU,ORG_SS,,,,2033,,,,,,0.0531
TotalTechnologyAnnualActivityLowerLimit,NDCcond,ECU,ORG_SS,,,,2034,,,,,,0.0541
TotalTechnologyAnnualActivityLowerLimit,NDCcond,ECU,ORG_SS,,,,2035,,,,,,0.0551
TotalTechnologyAnnualActivityLowerLimit,NDCcond,ECU,NO_SS,,,,2010,,,,,,2.383
TotalTechnologyAnnualActivityLowerLimit,NDCcond,ECU,NO_SS,,,,2011,,,,,,2.4696
TotalTechnologyAnnualActivityLowerLimit,NDCcond,ECU,NO_SS,,,,2012,,,,,,2.5462
TotalTechnologyAnnualActivityLowerLimit,NDCcond,ECU,NO_SS,,,,2013,,,,,,2.8926
TotalTechnologyAnnualActivityLowerLimit,NDCcond,ECU,NO_SS,,,,2014,,,,,,3.266
TotalTechnologyAnnualActivityLowerLimit,NDCcond,ECU,NO_SS,,,,2015,,,,,,3.0786
TotalTechnologyAnnualActivityLowerLimit,NDCcond,ECU,NO_SS,,,,2016,,,,,,2.9425
TotalTechnologyAnnualActivityLowerLimit,NDCcond,ECU,NO_SS,,,,2017,,,,,,2.9302
TotalTechnologyAnnualActivityLowerLimit,NDCcond,ECU,NO_SS,,,,2018,,,,,,2.9272
TotalTechnologyAnnualActivityLowerLimit,NDCcond,ECU,NO_SS,,,,2019,,,,,,2.9377
TotalTechnologyAnnualActivityLowerLimit,NDCcond,ECU,NO_SS,,,,2020,,,,,,2.948
TotalTechnologyAnnualActivityLowerLimit,NDCcond,ECU,NO_SS,,,,2021,,,,,,3.0235
TotalTechnologyAnnualActivityLowerLimit,NDCcond,ECU,NO_SS,,,,2022,,,,,,3.1476
TotalTechnologyAnnualActivityLowerLimit,NDCcond,ECU,NO_SS,,,,2023,,,,,,3.3295
TotalTechnologyAnnualActivityLowerLimit,NDCcond,ECU,NO_SS,,,,2024,,,,,,3.5149
TotalTechnologyAnnualActivityLowerLimit,NDCcond,ECU,NO_SS,,,,2025,,,,,,3.7035
TotalTechnologyAnnualActivityLowerLimit,NDCcond,ECU,NO_SS,,,,2026,,,,,,3.8951
TotalTechnologyAnnualActivityLowerLimit,NDCcond,ECU,NO_SS,,,,2027,,,,,,4.0897
TotalTechnologyAnnualActivityLowerLimit,NDCcond,ECU,NO_SS,,,,2028,,,,,,4.2871
TotalTechnologyAnnualActivityLowerLimit,NDCcond,ECU,NO_SS,,,,2029,,,,,,4.4876
TotalTechnologyAnnualActivityLowerLimit,NDCcond,ECU,NO_SS,,,,2030,,,,,,4.6907
TotalTechnologyAnnualActivityLowerLimit,NDCcond,ECU,NO_SS,,,,2031,,,,,,4.7822
TotalTechnologyAnnualActivityLowerLimit,NDCcond,ECU,NO_SS,,,,2032,,,,,,4.874
TotalTechnologyAnnualActivityLowerLimit,NDCcond,ECU,NO_SS,,,,2033,,,,,,4.9657
TotalTechnologyAnnualActivityLowerLimit,NDCcond,ECU,NO_SS,,,,2034,,,,,,5.0574
TotalTechnologyAnnualActivityLowerLimit,NDCcond,ECU,NO_SS,,,,2035,,,,,,5.149
